userId,num_of_puchases,average_expenditure [â‚¬],fraction_of_offers_used,age,gender,timediff_registration_bankconnected [h],registration_date
1,1,147.45,0,20,M,0.086,2020-01-02
2,2,19.85,-1,23,F,0.163,2019-08-22
3,2,207.0,-1,23,M,0.09,2019-10-14
4,2,41.1,-1,37,F,0.113,2020-09-23
5,1,34.0,-1,23,F,0.064,2020-01-05
6,2,21.56,-1,28,M,22.641,2019-09-30
7,1,22.5,-1,26,F,23.006,2020-08-03
8,3,129.95,0,30,F,0.072,2019-10-06
9,1,17.6,-1,42,F,0.054,2020-01-27
10,1,231.9,-1,20,F,0.087,2020-02-21
11,1,1.8,-1,22,F,0.108,2020-09-17
12,1,8.0,-1,24,F,0.064,2019-06-20
13,2,82.5,-1,40,F,0.218,2019-11-22
14,1,50.23,-1,29,F,0.097,2020-01-04
15,1,85.0,-1,34,F,7.139,2019-10-09
16,1,9.95,-1,33,M,5.678,2021-01-29
17,2,71.98,-1,52,M,0.607,2020-12-18
18,1,112.0,-1,40,F,0.13,2021-05-30
19,1,26.0,-1,50,M,0.056,2020-08-30
20,1,59.0,-1,0,,22.384,2021-09-05
21,3,20.35,-1,22,F,0.066,2019-09-15
22,1,39.9,-1,26,F,0.265,2019-09-07
23,1,19.85,-1,25,M,0.077,2020-07-23
24,1,27.95,-1,23,F,2.955,2019-11-19
25,2,65.0,-1,29,F,0.076,2019-07-04
26,1,12.93,-1,18,M,0.049,2019-10-07
27,1,62.0,-1,19,F,0.642,2019-09-15
28,1,27.3,-1,18,M,0.066,2019-10-03
29,1,8.9,-1,29,F,17.454,2019-06-24
30,1,65.0,-1,31,M,0.066,2019-12-07
31,1,45.0,-1,28,F,0.062,2020-02-13
32,1,139.9,0,20,M,2.104,2019-08-08
33,3,75.39,-1,19,F,0.086,2019-10-30
34,1,40.0,-1,31,F,8.455,2019-07-11
35,1,5.0,-1,31,M,0.049,2019-11-04
36,1,1.4,-1,19,F,0.059,2019-11-24
37,1,34.97,-1,48,F,0.111,2019-06-07
38,1,50.0,-1,25,F,0.072,2019-10-17
39,1,53.98,-1,28,F,1.001,2020-05-20
40,1,32.0,-1,45,F,0.077,2020-03-02
41,1,29.0,-1,23,F,0.054,2019-11-06
42,6,54.93,-1,27,F,0.14,2019-12-01
43,3,45.87,-1,29,M,0.124,2019-10-20
44,2,49.0,-1,26,M,0.07,2019-08-29
45,3,33.49,-1,37,F,0.058,2020-07-19
46,1,79.98,-1,21,F,0.066,2020-03-08
47,2,118.3,-1,26,F,0.054,2020-01-09
48,1,35.97,-1,21,F,1.603,2019-12-30
49,1,425.0,0,28,F,0.08,2019-11-23
50,1,133.0,0,25,M,19.887,2019-11-20
51,2,96.3,0,34,F,0.041,2021-01-06
52,1,90.0,-1,24,F,0.147,2019-06-02
53,1,192.0,0,41,M,16.23,2021-09-06
54,1,60.0,-1,24,F,0.056,2019-10-21
55,2,154.38,0,21,F,0.049,2020-03-04
56,2,54.4,-1,22,M,0.065,2019-11-05
57,1,1690.0,1,23,M,0.235,2020-09-18
58,1,87.0,1,28,F,0.428,2019-12-25
59,5,24.0,-1,24,F,0.184,2019-11-16
60,1,545.0,0,20,F,0.095,2019-07-02
61,2,147.0,0,23,F,21.377,2020-02-11
62,3,7.5,-1,25,F,0.089,2020-02-08
63,3,17.48,-1,26,F,0.234,2020-01-20
64,1,80.0,-1,18,F,0.103,2019-08-23
65,1,15.0,-1,29,F,0.046,2019-12-17
66,3,11.99,-1,28,M,23.881,2019-10-24
67,2,77.67,-1,25,F,12.189,2020-02-11
68,1,21.96,-1,49,M,0.091,2020-10-08
69,1,40.0,-1,26,F,0.067,2020-02-19
70,1,19.9,-1,30,F,0.051,2019-06-26
71,1,515.0,0,27,F,6.317,2020-10-23
72,1,24.99,-1,33,F,0.049,2021-01-23
73,5,195.0,0,25,F,1.579,2019-05-27
74,2,44.9,-1,46,F,20.563,2019-10-09
75,1,325.0,0,24,M,0.047,2019-09-04
76,1,6.99,-1,46,F,0.082,2021-01-21
77,1,440.0,-1,58,M,11.847,2021-09-05
78,4,107.44,-1,27,F,0.065,2019-09-29
79,1,4.14,-1,23,F,9.331,2019-11-03
80,15,23.5,-1,21,M,0.062,2019-01-02
81,1,34.99,-1,30,F,0.174,2019-11-27
82,1,55.0,-1,29,F,0.082,2019-08-28
83,1,55.0,-1,20,F,21.572,2019-10-28
84,1,22.5,-1,37,F,0.056,2020-06-15
85,1,12.9,-1,24,F,0.168,2020-01-05
86,1,27.6,-1,19,M,0.07,2019-06-01
87,1,8.0,-1,26,F,0.19,2020-03-03
88,2,38.93,-1,24,F,23.299,2020-01-07
89,1,145.0,1,23,F,13.416,2019-09-14
90,1,10.9,-1,26,M,0.058,2019-02-03
91,1,448.5,0,31,F,0.438,2020-02-02
92,1,175.0,-1,52,F,0.039,2021-01-03
93,1,85.0,-1,32,F,18.042,2019-09-11
94,1,20.0,-1,29,F,0.096,2020-01-01
95,1,26.35,-1,23,F,0.233,2019-11-26
96,1,6.49,-1,33,F,14.047,2020-08-25
97,1,39.0,-1,49,M,17.552,2020-11-18
98,1,83.8,0,40,M,1.291,2021-01-04
99,3,51.0,-1,29,F,11.179,2020-11-26
100,1,285.0,0,25,F,0.061,2020-01-10
101,3,32.47,-1,29,F,1.998,2019-11-17
102,1,225.0,0,20,F,0.045,2020-02-14
103,2,48.9,-1,23,M,0.068,2020-02-23
104,1,13.9,-1,29,M,23.289,2020-01-21
105,1,16.9,-1,28,F,20.054,2020-10-11
106,6,132.5,0,31,F,0.036,2020-02-27
107,1,131.0,0,22,F,0.095,2020-02-25
108,1,115.72,1,23,F,0.038,2019-07-20
109,2,2.97,-1,21,F,17.292,2019-11-20
110,2,87.67,0,36,F,0.386,2019-08-30
111,1,270.0,-1,21,F,21.141,2019-10-27
112,2,167.5,-1,21,M,0.09,2020-02-05
113,1,32.98,-1,35,F,0.52,2020-09-17
114,1,172.0,-1,22,F,0.092,2019-09-16
115,2,17.5,-1,31,M,0.112,2020-09-06
116,1,24.9,-1,34,F,0.057,2020-02-10
117,1,42.5,-1,18,F,0.05,2019-10-29
118,1,44.0,-1,20,M,0.069,2019-11-18
119,1,84.0,0,18,F,0.085,2019-09-29
120,1,14.99,-1,22,F,0.158,2019-10-23
121,2,70.0,-1,28,M,0.171,2019-02-08
122,1,40.0,-1,25,F,0.096,2019-10-03
123,1,8.37,-1,24,F,0.052,2019-10-28
124,2,40.0,-1,50,F,0.131,2020-02-15
125,1,25.0,-1,31,F,1.351,2020-01-06
126,1,63.9,-1,21,F,0.031,2018-11-29
127,6,49.0,-1,37,M,0.232,2019-10-23
128,1,22.5,-1,22,M,0.05,2021-01-04
129,1,64.0,-1,42,F,0.085,2020-09-12
130,1,10.0,-1,41,F,0.046,2020-02-19
131,1,77.5,-1,40,O,0.074,2020-10-24
132,1,85.0,0,25,F,0.06,2019-10-23
133,1,7.0,-1,19,F,0.12,2019-09-11
134,2,30.0,-1,18,M,0.057,2020-03-03
135,1,70.0,-1,28,F,0.082,2019-09-09
136,1,48.0,-1,24,F,0.129,2019-08-29
137,1,39.0,-1,30,F,0.125,2020-10-11
138,1,39.9,-1,19,F,21.365,2019-03-21
139,1,20.0,-1,34,F,0.066,2019-08-29
140,2,12.0,-1,18,F,18.742,2019-06-11
141,1,5.7,-1,25,F,0.115,2020-09-25
142,1,119.8,0,24,M,21.773,2019-11-14
143,1,8.68,-1,31,F,0.101,2019-10-08
144,1,20.93,-1,35,F,0.086,2019-11-14
145,5,990.0,0,25,F,0.124,2019-11-19
146,2,31.74,-1,27,F,23.325,2019-12-29
147,1,14.8,-1,35,F,0.054,2021-01-24
148,2,317.75,0,16,F,6.866,2019-10-13
149,1,54.0,-1,44,F,0.04,2019-11-09
150,1,129.0,-1,40,F,2.349,2019-10-09
151,3,45.66,-1,33,F,0.11,2019-10-10
152,2,62.5,-1,31,M,23.803,2020-02-20
153,1,12.0,-1,20,F,0.391,2019-08-25
154,6,35.4,-1,23,F,0.632,2019-06-10
155,1,49.9,-1,24,F,0.09,2019-11-26
156,1,90.0,-1,22,M,0.146,2020-02-13
157,1,27.49,-1,32,M,4.578,2019-10-04
158,1,70.0,-1,16,F,0.087,2019-12-01
159,1,10.0,-1,23,F,0.068,2020-10-27
160,1,16.95,-1,31,F,0.104,2021-01-24
161,2,24.16,-1,19,F,0.342,2020-03-14
162,2,76.65,-1,32,M,0.05,2020-11-01
163,1,93.0,1,26,F,18.848,2019-10-21
164,1,4.8,-1,27,F,8.955,2019-09-30
165,1,230.0,0,36,F,0.061,2020-03-15
166,1,100.0,-1,25,M,21.367,2019-10-19
167,1,35.0,-1,20,F,0.47,2019-08-11
168,2,67.2,-1,22,F,0.049,2019-10-01
169,4,25.0,-1,23,F,0.071,2018-12-03
170,2,1.1,-1,31,M,0.623,2019-11-15
171,1,24.95,-1,26,F,0.056,2020-03-14
172,2,34.95,-1,26,F,0.319,2019-08-28
173,1,8.32,-1,20,F,0.392,2019-11-29
174,2,59.0,-1,20,F,0.239,2020-03-05
175,1,94.95,-1,19,F,13.342,2019-10-29
176,1,14.6,-1,26,F,12.631,2019-09-01
177,1,20.0,-1,26,F,0.105,2019-11-08
178,1,26.38,-1,40,F,0.051,2020-12-15
179,1,69.0,-1,24,F,0.091,2020-02-16
180,1,89.0,0,19,M,10.511,2019-08-26
181,1,43.99,-1,20,F,15.36,2020-08-20
182,1,38.95,-1,35,M,0.402,2020-12-28
183,1,81.0,0,24,F,0.044,2020-05-25
184,1,235.0,-1,41,F,0.057,2020-03-13
185,1,22.0,-1,31,F,0.059,2021-01-24
186,1,30.0,-1,21,M,0.262,2019-10-05
187,1,17.9,-1,22,F,0.108,2019-08-23
188,4,70.0,-1,22,F,15.209,2020-04-29
189,1,48.35,-1,34,F,0.099,2019-11-20
190,1,30.0,-1,21,F,0.06,2019-12-01
191,1,134.8,-1,19,M,0.095,2019-08-20
192,1,150.0,0,34,F,0.292,2021-01-01
193,1,18.0,-1,19,F,0.148,2019-12-26
194,2,85.0,0,21,F,0.15,2020-02-13
195,2,99.0,-1,29,M,0.079,2020-08-29
196,1,72.0,-1,27,F,1.759,2019-10-04
197,1,10.0,-1,25,M,0.059,2019-11-02
198,1,62.5,0,21,F,0.079,2019-12-10
199,1,39.0,-1,25,F,0.076,2019-11-18
200,2,39.34,-1,27,F,0.059,2020-03-11
201,1,36.62,-1,26,F,0.119,2019-10-23
202,1,195.0,0,27,M,0.031,2021-01-05
203,1,27.5,-1,30,F,0.33,2020-09-13
204,1,31.99,-1,23,F,0.118,2019-11-27
205,2,40.0,-1,20,F,0.072,2020-03-06
206,1,18.0,-1,23,M,0.112,2019-02-10
207,1,7.11,-1,34,F,0.164,2020-01-04
208,1,46.5,-1,29,F,0.04,2019-06-20
209,1,27.9,-1,32,F,0.052,2020-02-10
210,1,149.0,0,28,F,10.796,2021-05-16
211,1,26.0,-1,22,F,0.076,2020-03-03
212,1,239.9,0,27,F,0.117,2020-03-01
213,1,4.07,-1,24,F,0.128,2020-01-30
214,3,13.0,-1,20,F,18.509,2019-10-29
215,7,9.6,-1,51,F,0.08,2019-09-11
216,2,42.9,-1,27,F,0.045,2019-12-09
217,1,14.95,-1,18,M,0.062,2019-07-16
218,1,250.0,0,30,M,0.076,2020-01-02
219,1,10.4,-1,22,M,0.066,2019-10-05
220,1,38.37,-1,24,F,0.066,2020-09-24
221,1,25.0,-1,23,F,0.079,2020-07-17
222,2,12.67,-1,28,F,0.04,2020-12-05
223,1,215.0,0,25,F,16.914,2020-01-21
224,2,27.48,-1,30,F,23.604,2019-11-06
225,1,14.5,-1,26,M,0.137,2019-09-27
226,1,34.9,-1,30,M,0.151,2019-10-14
227,1,35.0,-1,25,F,0.062,2019-10-20
228,1,46.77,-1,33,F,0.029,2021-01-10
229,1,77.5,0,18,F,21.888,2019-09-11
230,1,22.0,-1,32,F,0.135,2019-10-25
231,1,45.0,-1,31,F,0.027,2020-12-05
232,1,41.4,-1,20,F,0.186,2019-08-27
233,1,52.0,-1,37,F,0.088,2020-09-18
234,4,13.89,-1,23,M,0.06,2020-09-23
235,1,2.93,-1,31,F,0.125,2020-01-12
236,1,53.45,-1,19,F,0.101,2021-02-08
237,1,595.0,0,23,F,0.082,2020-08-24
238,1,35.0,-1,20,F,0.086,2020-03-11
239,1,9.95,-1,24,F,0.101,2019-08-13
240,2,104.4,-1,52,F,21.702,2020-09-09
241,1,91.5,1,40,M,0.114,2020-03-12
242,4,121.5,-1,31,F,0.216,2019-11-14
243,2,100.0,-1,27,M,3.036,2018-08-29
244,1,82.25,0,30,M,0.045,2020-08-20
245,1,125.0,0,36,F,0.192,2020-02-19
246,3,105.0,0,40,F,2.318,2020-08-28
247,1,594.0,-1,32,F,0.201,2020-02-08
248,7,40.0,-1,28,F,0.053,2019-12-01
249,2,19.0,-1,30,F,0.071,2019-10-02
250,1,126.0,-1,27,F,0.078,2020-01-25
251,1,68.66,-1,31,M,0.078,2020-03-05
252,1,7.0,-1,23,F,0.043,2020-01-22
253,1,41.0,-1,37,F,0.031,2019-12-11
254,1,150.0,0,28,F,0.393,2021-06-14
255,1,6.0,-1,36,F,0.065,2020-11-19
256,1,276.0,-1,28,F,0.1,2020-03-12
257,1,30.0,-1,21,M,0.091,2020-02-05
258,1,124.0,-1,23,F,0.059,2019-06-10
259,1,23.5,-1,36,F,0.056,2019-12-29
260,1,12.7,-1,23,M,0.308,2020-02-16
261,2,19.99,-1,24,F,0.066,2019-10-12
262,1,55.0,-1,38,F,0.089,2021-01-18
263,3,44.97,-1,20,M,3.348,2020-06-06
264,1,34.0,-1,35,F,0.064,2020-01-13
265,1,139.25,-1,26,F,0.029,2021-02-07
266,3,29.0,-1,24,F,0.085,2019-11-21
267,1,5.83,-1,21,F,14.361,2020-02-29
268,3,95.0,-1,25,M,0.13,2020-03-13
269,1,11.99,-1,37,F,0.126,2020-01-09
270,1,204.8,-1,21,M,1.212,2019-09-08
271,5,69.9,-1,41,F,7.781,2020-11-30
272,1,70.5,-1,39,F,0.677,2020-11-22
273,1,50.0,-1,29,M,0.519,2019-12-25
274,2,24.0,-1,35,F,0.057,2020-02-09
275,1,109.0,1,37,M,0.06,2020-03-03
276,2,30.0,-1,20,F,19.941,2019-12-09
277,1,297.0,-1,25,F,1.816,2019-11-15
278,1,29.9,-1,24,F,0.09,2020-01-10
279,3,3.47,-1,44,F,0.105,2020-09-01
280,1,20.93,-1,23,F,0.132,2020-03-04
281,1,18.0,-1,24,F,0.064,2019-10-08
282,1,33.0,-1,23,M,14.48,2019-12-12
283,1,99.0,1,29,F,0.101,2019-12-07
284,1,30.0,-1,39,F,3.268,2019-11-10
285,1,44.0,-1,31,F,0.489,2020-01-24
286,1,217.44,-1,30,F,22.974,2019-11-15
287,2,67.13,0,53,F,0.116,2020-07-23
288,4,54.93,1,35,O,21.118,2020-10-22
289,3,65.98,-1,25,F,0.093,2019-08-11
290,1,59.95,-1,18,M,0.361,2021-06-02
291,1,39.0,-1,19,F,0.425,2020-09-12
292,1,37.47,-1,36,F,0.041,2020-10-12
293,2,72.9,-1,42,F,0.11,2020-02-29
294,3,8.5,-1,28,M,11.392,2019-07-09
295,3,79.0,-1,18,F,0.158,2019-05-26
296,1,9.95,-1,25,F,0.079,2019-10-21
297,1,29.93,-1,25,F,0.044,2019-06-20
298,1,25.17,-1,52,F,0.134,2019-06-04
299,1,90.0,0,27,F,1.687,2020-02-10
300,1,80.0,-1,23,F,0.102,2019-09-23
301,1,50.0,-1,23,F,0.07,2020-02-26
302,3,36.0,-1,21,F,2.282,2021-02-08
303,2,65.3,-1,27,F,0.054,2020-03-10
304,1,24.98,-1,31,M,0.06,2019-12-12
305,1,29.98,-1,29,F,0.251,2020-04-14
306,2,48.39,-1,43,F,1.564,2020-01-06
307,1,120.0,0,34,F,0.06,2020-02-20
308,1,42.0,-1,34,F,0.093,2019-10-16
309,5,73.9,-1,27,M,0.077,2019-12-01
310,1,95.0,-1,19,F,5.586,2019-03-02
311,1,23.5,-1,25,F,0.103,2020-02-24
312,1,24.0,-1,23,F,0.151,2019-12-16
313,1,29.9,-1,18,F,0.129,2019-11-17
314,1,55.0,-1,34,F,19.968,2019-07-06
315,1,149.95,-1,29,F,0.046,2019-11-09
316,1,45.0,-1,28,F,0.068,2021-07-10
317,1,145.0,-1,21,F,0.05,2020-11-15
318,2,20.6,-1,29,F,0.101,2019-05-28
319,1,76.99,-1,24,F,0.116,2021-01-07
320,1,204.46,0,22,F,0.094,2019-10-03
321,1,74.5,-1,42,F,0.079,2020-01-10
322,4,14.99,-1,25,F,0.159,2019-09-19
323,2,5.0,-1,31,F,17.191,2020-01-03
324,1,169.8,-1,20,M,0.138,2020-02-26
325,1,41.95,-1,41,F,0.238,2020-01-08
326,3,10.75,-1,35,F,0.082,2020-01-10
327,1,89.95,-1,19,M,0.069,2020-03-12
328,2,8.5,-1,41,F,0.07,2019-08-28
329,1,67.5,-1,25,F,0.087,2019-11-14
330,1,75.0,-1,21,M,0.267,2021-07-19
331,1,23.0,-1,32,M,0.034,2020-11-29
332,2,66.71,-1,45,F,0.074,2020-06-03
333,1,170.0,0,18,F,0.052,2021-01-28
334,1,69.95,-1,21,F,5.644,2019-11-03
335,1,109.0,-1,25,F,0.674,2019-10-04
336,3,1.92,-1,40,F,0.909,2019-06-20
337,2,31.83,-1,33,M,0.175,2019-11-25
338,2,90.0,0,31,M,0.104,2020-02-09
339,1,21.0,-1,21,F,0.049,2021-01-24
340,1,27.49,-1,19,M,7.514,2019-09-10
341,2,62.3,-1,18,F,23.516,2019-05-29
342,2,63.6,-1,21,F,0.122,2021-02-11
343,2,52.65,-1,23,F,0.074,2020-01-05
344,1,67.5,-1,22,F,0.1,2020-03-11
345,1,29.9,-1,26,F,0.057,2019-11-12
346,1,10.9,-1,24,F,3.936,2020-01-24
347,1,35.0,-1,21,F,0.071,2020-01-01
348,7,20.0,-1,44,M,12.048,2020-01-26
349,1,415.0,1,26,F,0.133,2020-01-06
350,1,10.0,-1,29,F,0.095,2020-01-15
351,1,59.5,-1,39,F,3.702,2021-02-23
352,1,99.0,0,24,F,0.079,2020-02-16
353,1,400.0,0,44,F,0.077,2021-01-21
354,1,195.0,-1,44,F,0.044,2020-01-23
355,1,99.33,0,28,F,0.056,2020-10-27
356,2,72.5,-1,41,F,21.87,2018-08-31
357,1,45.0,-1,20,F,0.161,2020-01-01
358,2,37.5,-1,23,F,1.246,2019-09-04
359,1,39.9,-1,18,F,0.056,2018-10-18
360,1,8.6,-1,38,F,0.076,2021-01-04
361,1,76.0,-1,25,F,0.063,2019-09-20
362,1,15.0,-1,25,M,0.04,2021-01-28
363,1,29.99,-1,18,F,0.163,2019-10-21
364,1,47.63,-1,27,F,0.082,2020-01-26
365,1,19.0,-1,47,M,23.266,2020-03-09
366,3,25.0,-1,22,F,0.136,2019-09-30
367,1,8.94,-1,19,M,0.07,2019-12-27
368,1,46.75,-1,23,F,0.044,2019-05-24
369,1,139.0,0,30,M,0.086,2020-03-12
370,1,13.4,-1,24,M,0.088,2019-10-17
371,1,189.0,1,27,F,0.059,2020-02-03
372,2,9.9,-1,28,M,0.054,2019-12-16
373,1,75.3,-1,23,F,1.918,2020-03-19
374,2,88.0,0,21,M,0.111,2020-02-12
375,5,99.5,-1,40,F,17.529,2020-02-18
376,3,32.96,-1,26,F,0.091,2020-02-26
377,1,9.7,-1,24,F,0.118,2021-01-20
378,1,43.97,-1,26,F,23.386,2018-12-31
379,1,99.0,-1,30,F,0.342,2019-12-12
380,1,84.9,-1,20,M,0.23,2020-01-26
381,1,86.5,-1,26,M,21.163,2019-11-24
382,2,9.9,-1,30,M,0.048,2020-05-15
383,1,225.0,-1,26,F,17.447,2020-03-05
384,1,155.0,-1,22,M,0.053,2021-01-04
385,1,0.5,-1,25,M,6.791,2020-01-09
386,1,96.0,0,24,F,0.101,2020-05-10
387,1,159.65,-1,25,F,0.069,2021-05-24
388,1,100.0,0,20,F,0.056,2020-01-19
389,2,60.0,-1,53,F,0.048,2018-11-04
390,1,134.89,0,30,F,0.041,2021-01-27
391,1,26.49,-1,47,F,0.084,2019-10-13
392,1,3.9,-1,32,M,0.054,2019-08-06
393,2,39.9,-1,18,F,6.532,2019-10-30
394,1,20.0,-1,24,M,0.047,2020-01-25
395,4,195.0,-1,25,F,16.78,2021-01-01
396,2,54.6,-1,21,F,2.186,2019-06-19
397,1,27.0,-1,51,F,1.329,2020-09-21
398,1,42.5,-1,20,F,0.113,2019-11-07
399,1,155.7,-1,20,M,0.126,2021-04-28
400,1,25.89,-1,20,F,0.059,2019-06-08
401,1,27.49,-1,22,M,0.04,2019-12-17
402,1,89.5,-1,23,M,0.083,2020-01-28
403,1,25.0,-1,36,F,0.771,2020-06-08
404,8,6.46,-1,37,M,5.728,2018-08-29
405,1,79.0,-1,21,F,0.076,2019-12-06
406,1,125.0,0,18,F,0.249,2019-12-30
407,1,42.48,-1,27,F,0.047,2019-09-14
408,2,84.0,-1,20,F,0.035,2020-03-02
409,1,79.9,-1,50,F,0.076,2020-09-10
410,2,119.92,-1,22,M,0.069,2019-11-05
411,1,36.0,-1,38,M,18.346,2020-11-10
412,4,177.52,0,38,M,0.196,2020-11-27
413,2,62.78,-1,26,M,0.036,2021-05-13
414,1,75.0,-1,18,M,0.114,2020-01-10
415,1,13.9,-1,27,F,0.094,2019-10-07
416,2,13.49,-1,34,M,0.084,2020-06-22
417,1,62.9,-1,18,M,4.923,2019-09-24
418,1,18.0,-1,38,F,13.45,2020-01-29
419,10,24.0,-1,41,F,0.032,2019-06-25
420,1,74.98,-1,20,F,0.085,2019-08-03
421,1,35.5,-1,20,M,0.083,2019-12-06
422,1,250.0,0,34,F,11.761,2019-11-04
423,1,15.08,-1,27,F,13.441,2019-10-05
424,1,240.0,-1,30,M,0.092,2019-10-10
425,1,275.0,0,32,M,0.109,2020-06-02
426,1,132.87,-1,21,M,0.056,2020-02-15
427,1,89.0,0,31,F,0.065,2020-03-15
428,2,9.94,-1,28,F,0.042,2020-11-02
429,1,74.9,-1,60,F,23.683,2020-03-08
430,1,9.27,-1,18,F,0.091,2020-10-02
431,3,185.9,-1,38,F,0.093,2019-11-23
432,2,24.99,-1,19,F,0.172,2020-01-19
433,2,23.0,-1,40,F,0.139,2019-10-09
434,3,23.8,-1,21,F,0.058,2019-11-23
435,1,4.87,-1,22,F,0.056,2019-10-31
436,4,10.0,-1,23,F,0.054,2019-10-29
437,2,122.5,-1,42,F,0.087,2020-11-19
438,1,13.53,-1,36,M,10.261,2019-11-19
439,1,61.0,-1,19,M,23.64,2019-07-28
440,2,136.0,-1,18,F,0.046,2021-01-07
441,1,19.5,-1,31,F,13.197,2019-07-10
442,1,100.0,-1,33,F,0.078,2020-05-26
443,7,17.5,-1,26,F,21.39,2020-01-02
444,1,69.93,-1,20,F,0.112,2020-01-09
445,1,39.99,-1,29,M,0.055,2020-10-08
446,1,17.5,-1,38,F,0.113,2020-08-13
447,1,49.99,-1,51,F,0.069,2019-11-29
448,2,68.0,-1,22,M,0.055,2021-02-20
449,1,105.0,-1,27,F,10.477,2020-03-11
450,1,254.0,-1,26,F,9.441,2019-12-02
451,3,55.0,-1,22,M,0.141,2020-10-26
452,1,70.14,-1,27,O,0.051,2020-11-02
453,1,4.35,-1,18,F,0.059,2021-04-29
454,2,49.5,-1,25,F,0.071,2020-01-02
455,1,35.6,-1,23,F,0.036,2021-01-31
456,1,20.0,-1,19,M,0.083,2020-10-31
457,1,59.9,-1,23,F,0.046,2019-08-20
458,2,17.5,-1,26,M,0.054,2019-09-15
459,5,99.0,1,23,F,0.517,2019-12-09
460,3,15.98,-1,26,F,0.044,2021-01-03
461,1,174.99,1,25,F,0.044,2021-06-29
462,1,215.5,-1,22,F,19.691,2019-11-28
463,1,65.0,-1,25,F,0.452,2019-09-23
464,1,36.9,-1,28,F,0.083,2019-10-31
465,1,30.9,-1,29,F,0.062,2019-10-20
466,2,17.59,-1,22,F,0.086,2020-01-09
467,1,85.0,0,20,M,0.111,2020-10-22
468,1,30.0,-1,36,F,0.094,2020-01-26
469,2,96.0,0,31,F,0.041,2021-02-04
470,2,41.5,-1,38,F,0.122,2020-11-17
471,1,47.75,-1,26,M,0.034,2019-09-15
472,1,115.0,-1,39,F,0.038,2019-11-13
473,2,94.95,-1,32,M,0.068,2020-03-13
474,3,27.47,-1,16,M,0.126,2018-11-10
475,1,14.9,-1,24,F,0.111,2021-01-16
476,1,20.0,-1,21,F,0.073,2019-10-11
477,1,55.3,-1,24,M,15.159,2020-02-17
478,1,64.22,0,20,F,0.081,2019-11-15
479,1,30.0,-1,20,F,0.092,2019-09-16
480,2,23.85,-1,23,F,0.048,2021-06-09
481,2,20.0,-1,33,F,0.052,2019-09-25
482,1,49.95,-1,31,F,3.421,2020-03-08
483,2,17.94,-1,28,F,0.231,2021-01-23
484,1,125.0,0,23,F,21.945,2020-01-17
485,1,35.0,-1,19,F,0.098,2019-09-27
486,2,61.0,-1,28,F,0.254,2019-12-07
487,1,168.74,-1,33,F,0.069,2020-08-02
488,1,2.99,-1,30,F,0.112,2020-07-23
489,2,55.0,-1,20,F,0.039,2019-07-04
490,1,60.0,-1,22,O,2.181,2021-05-17
491,2,25.0,-1,18,F,8.486,2019-11-28
492,1,8.4,-1,18,F,0.064,2020-02-12
493,2,13.5,-1,23,M,4.25,2020-05-01
494,3,41.0,-1,29,M,0.103,2019-12-09
495,1,139.0,0,19,F,0.142,2020-02-29
496,2,87.03,-1,29,M,0.085,2020-02-02
497,2,39.9,-1,39,F,0.124,2019-07-02
498,1,11.56,-1,38,M,0.052,2019-07-26
499,2,50.26,-1,26,M,21.726,2019-09-24
500,2,138.0,-1,23,M,0.115,2020-01-02
501,1,19.0,-1,0,,0.056,2020-11-06
502,6,91.9,1,39,F,0.039,2019-05-28
503,1,125.0,0,31,M,0.061,2020-01-08
504,1,89.0,-1,24,F,0.043,2020-06-01
505,2,6.3,-1,25,M,0.03,2021-01-07
506,3,64.9,-1,20,M,1.842,2019-11-14
507,1,69.0,-1,23,F,0.111,2020-03-09
508,1,35.0,-1,28,F,6.84,2020-02-05
509,2,107.5,-1,18,M,15.836,2020-12-24
510,1,35.0,-1,21,M,0.074,2021-01-24
511,1,10.69,-1,20,F,5.178,2020-07-22
512,1,40.0,-1,23,F,0.064,2019-08-13
513,3,165.0,0,18,F,0.051,2020-02-13
514,2,60.33,-1,19,F,0.069,2019-10-29
515,1,219.8,-1,22,F,1.944,2019-11-26
516,1,60.75,-1,33,F,0.079,2019-10-16
517,1,21.6,-1,61,F,0.06,2019-08-05
518,1,40.0,-1,18,M,0.051,2019-08-22
519,1,309.9,1,31,F,0.186,2019-12-23
520,2,46.2,-1,21,F,0.764,2019-11-04
521,1,89.0,0,26,F,0.053,2019-08-28
522,2,75.0,-1,23,F,0.039,2021-07-10
523,2,51.86,-1,42,F,0.055,2019-11-27
524,1,169.5,0,21,M,20.026,2019-11-15
525,1,18.9,-1,37,M,14.631,2019-03-03
526,1,45.02,0,30,F,0.124,2020-02-11
527,1,26.0,-1,44,F,8.142,2020-04-04
528,1,23.9,-1,20,M,0.062,2019-10-12
529,1,22.8,-1,38,M,0.041,2020-10-23
530,2,9.17,-1,20,M,20.963,2019-10-11
531,1,140.0,-1,18,F,0.037,2018-09-21
532,1,89.0,-1,18,M,0.1,2020-09-11
533,1,21.0,-1,25,M,0.075,2019-10-28
534,1,25.0,-1,20,F,3.018,2020-11-06
535,1,234.5,-1,22,M,0.934,2019-09-20
536,1,112.14,-1,46,F,0.046,2021-07-03
537,1,5.3,-1,29,F,21.89,2019-12-06
538,1,6.8,-1,29,F,2.244,2020-01-09
539,13,100.45,-1,25,F,1.048,2019-11-02
540,1,328.0,-1,21,M,0.094,2021-01-27
541,1,199.0,0,22,F,0.048,2020-06-14
542,2,32.5,-1,26,F,0.1,2019-11-17
543,1,53.8,-1,51,F,8.958,2021-02-05
544,1,40.9,-1,22,M,0.07,2020-09-07
545,1,40.0,-1,19,M,0.048,2020-02-28
546,1,43.5,-1,22,F,0.112,2019-07-31
547,1,32.0,-1,43,F,0.069,2019-11-21
548,1,87.5,-1,24,F,0.223,2019-12-06
549,1,10.0,-1,36,F,0.079,2019-08-18
550,1,250.0,-1,23,F,22.341,2019-12-10
551,1,27.5,-1,18,F,4.616,2019-08-25
552,2,73.03,-1,23,F,0.034,2020-01-09
553,1,110.0,0,21,F,0.194,2020-04-02
554,1,12.0,-1,20,F,0.063,2018-10-18
555,1,89.0,0,22,F,0.239,2019-09-13
556,1,187.16,-1,24,F,0.055,2020-03-10
557,1,270.0,1,31,M,12.904,2019-08-23
558,2,12.26,-1,33,F,0.069,2020-01-21
559,3,9.0,-1,42,F,0.049,2020-01-08
560,1,12.49,-1,18,M,4.451,2021-01-28
561,2,5.0,-1,27,F,17.149,2019-11-22
562,1,12.5,-1,24,F,4.045,2020-03-01
563,1,93.08,-1,31,F,13.001,2020-12-31
564,2,90.0,0,29,M,0.069,2020-01-01
565,1,325.0,-1,33,F,0.062,2019-06-13
566,1,100.0,1,24,F,0.045,2019-11-11
567,4,117.0,-1,18,F,4.837,2019-10-20
568,1,99.9,0,32,M,0.107,2020-07-08
569,1,7.11,-1,22,F,4.378,2020-03-03
570,1,33.46,-1,47,M,3.146,2021-04-03
571,2,44.95,-1,20,F,14.308,2019-08-05
572,1,146.33,-1,21,M,0.041,2019-02-17
573,1,37.5,-1,24,M,0.066,2020-10-14
574,1,269.7,-1,23,M,5.98,2020-02-06
575,1,34.0,-1,18,F,22.196,2020-06-27
576,1,58.0,-1,25,F,0.052,2019-10-26
577,1,199.9,1,36,M,0.359,2020-12-17
578,2,2.8,-1,40,F,0.116,2020-10-16
579,1,210.0,-1,32,F,0.076,2021-01-29
580,1,29.99,-1,37,F,20.034,2019-12-03
581,1,19.5,-1,34,F,10.215,2019-12-08
582,1,173.25,-1,36,F,18.851,2021-06-05
583,1,145.0,0,29,F,11.893,2020-01-08
584,1,89.9,-1,35,M,0.049,2020-02-01
585,2,32.48,-1,21,F,0.061,2019-06-15
586,1,39.0,-1,31,F,0.139,2020-06-25
587,1,10.0,-1,20,F,0.099,2019-05-27
588,2,840.0,-1,40,F,13.997,2020-02-08
589,1,30.0,-1,22,F,0.041,2019-09-23
590,7,65.3,-1,24,F,0.068,2019-10-06
591,1,85.0,0,34,F,0.122,2019-12-08
592,1,102.0,1,26,F,20.111,2020-09-11
593,2,100.0,-1,52,F,0.169,2020-02-25
594,2,490.0,0,26,F,12.156,2019-09-04
595,1,22.82,-1,32,F,0.072,2019-10-30
596,1,16.0,-1,21,F,0.126,2021-01-21
597,1,5.5,-1,22,F,21.526,2019-10-18
598,1,60.0,-1,32,M,7.717,2019-08-26
599,1,2.0,-1,21,F,0.209,2019-12-30
600,1,21.92,-1,30,M,0.032,2020-11-26
601,1,1.4,-1,18,F,14.317,2019-07-22
602,1,119.99,0,43,M,0.108,2021-05-26
603,1,155.0,1,22,M,0.051,2020-02-23
604,1,176.0,-1,20,F,0.111,2021-02-09
605,1,35.0,-1,30,F,0.107,2019-10-30
606,1,219.0,-1,25,M,0.085,2019-10-21
607,1,27.6,-1,24,F,11.157,2020-02-17
608,1,86.0,1,25,F,0.101,2020-01-07
609,1,104.3,0,32,M,0.077,2020-07-20
610,1,170.0,-1,29,M,0.084,2019-08-02
611,3,57.0,-1,25,F,0.049,2020-01-07
612,1,79.99,-1,39,F,0.06,2019-10-05
613,1,66.0,-1,22,F,0.062,2020-03-06
614,2,19.9,-1,52,F,7.987,2019-12-01
615,1,50.2,-1,18,M,0.086,2019-09-30
616,2,62.3,-1,30,F,0.084,2019-02-14
617,1,71.42,-1,19,F,19.216,2019-11-12
618,2,27.16,-1,17,M,0.034,2020-03-01
619,1,21.1,-1,22,F,7.373,2018-11-04
620,4,146.0,-1,29,F,0.098,2019-10-10
621,1,10.5,-1,21,M,5.953,2019-11-14
622,1,3.5,-1,24,F,13.05,2019-10-06
623,1,13.44,-1,18,M,0.046,2019-08-29
624,1,480.0,0,19,F,11.116,2019-10-29
625,1,90.0,-1,23,F,1.732,2020-03-14
626,1,61.5,-1,19,F,0.042,2019-08-25
627,1,50.0,-1,27,F,0.438,2020-01-19
628,1,26.3,-1,27,F,0.093,2021-05-24
629,1,26.3,-1,36,F,22.173,2020-01-16
630,2,55.0,-1,30,M,0.669,2019-10-08
631,1,99.0,-1,46,F,0.048,2021-02-07
632,1,111.2,-1,24,M,0.048,2020-02-25
633,1,159.0,0,24,F,15.198,2020-05-18
634,1,95.0,-1,19,F,4.338,2020-02-11
635,2,43.18,-1,35,M,0.031,2021-04-29
636,2,44.9,-1,26,F,0.058,2020-05-26
637,1,147.5,0,20,F,0.489,2019-08-15
638,2,78.0,-1,42,F,0.725,2019-09-29
639,1,17.71,-1,29,F,0.253,2019-08-26
640,1,20.54,-1,29,F,1.348,2019-09-18
641,5,48.37,-1,29,F,9.299,2019-08-29
642,1,111.75,-1,20,F,4.857,2019-09-16
643,1,75.0,-1,47,F,1.052,2021-01-30
644,3,42.0,-1,34,F,0.053,2019-08-30
645,1,12.0,-1,20,F,0.058,2019-09-19
646,1,29.9,-1,26,M,0.928,2020-02-23
647,3,8.99,-1,25,M,8.659,2019-08-06
648,1,21.15,-1,18,F,16.667,2021-01-15
649,2,54.3,-1,24,F,0.033,2019-01-01
650,1,480.04,0,22,M,3.317,2020-01-21
651,1,215.0,0,32,M,0.166,2021-01-14
652,2,9.95,-1,34,F,0.131,2020-02-01
653,5,38.0,-1,31,F,0.103,2019-10-29
654,1,17.5,-1,18,M,0.094,2019-11-05
655,1,22.0,-1,21,F,0.062,2018-11-04
656,1,91.0,-1,22,F,0.073,2019-10-06
657,1,63.0,-1,18,F,0.072,2019-09-26
658,1,100.0,-1,24,F,21.651,2020-03-16
659,1,162.0,-1,28,F,0.224,2019-12-03
660,1,108.0,0,28,F,0.036,2020-12-24
661,1,6.9,-1,21,F,0.12,2020-01-27
662,4,20.4,-1,26,F,0.09,2020-02-24
663,1,28.0,-1,19,F,0.081,2019-09-25
664,3,75.9,-1,18,F,7.221,2020-06-27
665,1,147.5,-1,28,M,0.163,2020-03-15
666,1,40.0,-1,30,F,11.128,2019-10-03
667,2,100.0,-1,18,F,1.752,2020-02-06
668,1,51.95,-1,18,M,22.443,2020-02-12
669,1,276.5,1,42,F,0.096,2019-12-09
670,1,79.99,-1,21,F,0.277,2020-09-21
671,2,45.0,-1,27,F,0.042,2019-08-28
672,1,65.0,-1,20,F,0.121,2020-03-08
673,6,24.11,-1,25,F,0.036,2019-12-30
674,1,25.0,-1,32,M,7.774,2019-10-21
675,1,250.0,-1,21,F,0.406,2021-03-05
676,1,47.5,-1,27,F,0.091,2019-11-13
677,1,47.2,-1,29,F,0.365,2019-06-22
678,1,170.0,-1,20,M,8.182,2019-09-07
679,1,24.0,-1,26,F,8.189,2019-06-10
680,1,295.0,-1,27,M,0.068,2020-02-20
681,1,141.97,-1,24,F,8.69,2019-10-26
682,1,14.99,-1,39,F,3.002,2020-03-07
683,1,6.0,-1,18,F,11.357,2019-09-10
684,1,65.0,-1,19,F,5.042,2020-02-03
685,1,29.92,-1,24,O,14.047,2020-12-14
686,1,2.0,-1,27,F,0.077,2020-03-16
687,2,227.4,0,21,F,0.149,2019-11-02
688,1,62.06,-1,22,F,0.055,2021-05-02
689,1,15.99,-1,43,F,0.055,2020-10-16
690,1,139.0,0,18,O,16.449,2021-06-07
691,2,43.7,-1,26,F,0.03,2019-06-09
692,1,21.16,-1,28,F,0.039,2019-03-08
693,2,36.6,-1,18,F,8.179,2020-01-11
694,1,43.15,-1,21,F,0.036,2020-01-12
695,1,105.0,1,38,F,0.054,2019-08-28
696,2,15.7,-1,23,F,22.042,2019-10-19
697,1,191.0,-1,23,F,0.095,2019-11-05
698,1,98.94,-1,19,F,0.035,2021-04-16
699,1,607.5,-1,24,M,0.116,2019-12-11
700,2,32.9,-1,20,M,17.479,2018-11-19
701,2,215.0,-1,45,M,13.693,2020-02-17
702,1,571.0,-1,59,M,0.098,2020-09-25
703,1,19.9,-1,20,F,0.057,2020-05-02
704,1,60.0,-1,25,F,0.156,2020-10-10
705,1,130.8,1,24,F,0.109,2019-11-07
706,1,20.4,-1,19,F,12.934,2019-11-01
707,1,15.5,-1,20,F,0.769,2020-02-12
708,1,65.0,-1,24,F,0.161,2020-01-10
709,1,120.0,1,65,F,0.062,2020-12-26
710,1,58.34,-1,27,F,8.085,2020-01-06
711,2,39.98,-1,23,F,0.055,2020-01-25
712,1,42.9,-1,23,F,0.053,2020-02-11
713,3,10.74,-1,32,F,0.059,2020-06-13
714,2,42.76,-1,26,M,0.046,2019-09-18
715,2,30.0,-1,23,F,0.172,2019-10-10
716,1,9.4,-1,22,F,0.156,2020-02-23
717,1,39.99,-1,50,F,0.139,2019-04-01
718,1,48.0,-1,27,F,0.077,2019-08-30
719,1,100.0,1,17,M,0.06,2019-08-28
720,1,9.95,-1,23,F,0.036,2020-02-15
721,1,29.81,-1,19,F,0.095,2019-10-13
722,1,135.0,-1,23,F,0.065,2019-08-01
723,1,73.0,-1,19,M,0.128,2021-11-16
724,1,25.0,-1,29,F,3.215,2020-01-27
725,1,30.95,-1,35,F,0.142,2019-11-10
726,1,22.0,-1,35,F,0.107,2020-11-12
727,1,59.92,-1,38,F,0.118,2019-12-05
728,1,21.0,-1,27,F,0.031,2021-02-23
729,1,63.0,-1,19,M,0.128,2020-02-21
730,1,55.38,-1,18,F,0.779,2021-09-21
731,1,17.49,-1,44,F,0.093,2020-09-08
732,1,25.0,-1,22,F,0.051,2021-10-03
733,1,70.2,-1,31,M,0.073,2019-09-20
734,1,82.4,0,20,F,0.141,2019-11-18
735,5,33.0,-1,18,F,0.066,2019-10-04
736,1,24.9,-1,18,M,20.735,2019-10-16
737,1,100.0,-1,21,M,0.118,2019-09-04
738,3,8.85,-1,23,F,0.045,2019-09-30
739,2,172.0,-1,28,M,0.057,2020-05-26
740,1,80.0,1,31,M,0.339,2021-09-05
741,1,55.6,-1,18,F,0.069,2019-09-21
742,1,181.63,-1,27,M,0.067,2020-01-14
743,1,239.85,0,43,F,0.204,2019-12-06
744,1,17.9,-1,28,F,0.037,2021-04-19
745,1,80.0,0,44,F,0.074,2019-11-28
746,2,95.0,-1,26,F,0.056,2019-12-25
747,1,20.0,-1,29,F,0.041,2020-07-23
748,2,145.66,-1,39,F,0.24,2020-07-26
749,2,42.9,-1,24,F,4.13,2021-06-07
750,1,360.0,-1,24,M,0.067,2019-08-29
751,1,43.66,-1,21,F,20.658,2019-12-17
752,1,23.0,-1,25,F,10.651,2019-11-20
753,1,20.99,-1,18,F,22.496,2019-10-11
754,4,8.93,-1,22,F,0.127,2019-12-26
755,1,13.4,-1,24,F,0.053,2020-01-24
756,1,9.0,-1,21,F,0.211,2019-11-12
757,1,10.0,-1,20,F,0.094,2019-07-27
758,1,14.99,-1,19,F,0.168,2019-12-25
759,1,30.0,-1,21,F,0.046,2020-12-11
760,1,98.0,-1,24,F,0.113,2019-11-30
761,1,199.0,1,23,F,6.233,2020-09-15
762,1,63.47,-1,23,M,0.078,2019-09-05
763,3,7.25,-1,22,F,0.128,2020-01-10
764,1,119.0,-1,18,M,0.064,2020-01-10
765,1,97.54,-1,50,F,0.053,2020-07-12
766,1,186.0,0,31,F,11.848,2019-09-11
767,1,130.0,0,33,F,14.821,2020-09-11
768,2,100.0,0,19,F,0.047,2020-03-02
769,1,52.9,-1,41,F,0.074,2020-10-08
770,2,63.0,-1,28,F,0.098,2020-01-30
771,3,5.19,-1,48,F,0.073,2020-05-01
772,1,60.0,-1,27,F,0.285,2020-03-05
773,1,74.9,-1,22,F,1.598,2019-11-14
774,1,24.0,-1,30,F,0.046,2019-10-11
775,4,12.14,-1,48,M,11.281,2021-04-16
776,1,37.0,-1,20,O,0.034,2021-09-03
777,4,85.0,-1,33,M,0.639,2021-09-05
778,1,35.0,-1,24,F,0.076,2019-09-09
779,1,53.34,-1,18,M,15.807,2018-11-11
780,1,22.8,-1,33,F,0.049,2021-02-22
781,1,157.15,-1,48,F,0.102,2019-12-20
782,2,17.5,-1,21,F,0.073,2019-10-30
783,2,62.67,-1,30,F,0.048,2021-03-01
784,1,55.0,-1,56,F,0.078,2019-12-22
785,1,31.5,-1,31,F,0.049,2020-11-13
786,1,34.7,-1,38,F,0.059,2021-01-27
787,1,7.9,-1,26,F,9.508,2021-03-03
788,1,137.5,-1,18,F,0.281,2021-06-16
789,1,45.78,-1,19,F,12.326,2019-08-28
790,1,7.25,-1,22,F,0.033,2019-04-01
791,6,117.0,0,30,F,0.105,2019-09-01
792,3,78.5,-1,33,M,0.039,2019-08-06
793,1,52.0,-1,19,F,0.071,2020-08-27
794,1,25.0,-1,19,F,0.076,2019-11-29
795,1,79.0,-1,36,F,0.058,2020-01-02
796,1,7.2,-1,19,F,0.022,2020-12-26
797,1,27.75,-1,31,M,0.113,2019-11-11
798,1,90.0,-1,18,F,0.03,2019-06-18
799,1,46.0,-1,20,F,0.077,2019-05-01
800,3,11.7,-1,57,M,0.055,2019-09-11
801,2,79.45,-1,52,F,0.083,2020-10-31
802,1,2.9,-1,31,M,3.916,2019-12-09
803,1,15.9,-1,38,F,1.037,2020-12-22
804,1,31.0,-1,18,F,0.084,2019-07-30
805,1,90.0,0,68,F,13.76,2020-12-02
806,1,99.8,-1,49,F,0.051,2020-11-21
807,2,29.06,0,23,F,0.149,2019-11-03
808,1,23.9,-1,32,F,0.042,2020-06-15
809,1,100.0,0,21,F,0.044,2019-11-18
810,3,48.0,-1,23,F,0.921,2019-11-12
811,1,170.0,0,27,F,0.036,2019-10-18
812,1,14.99,-1,28,F,0.135,2020-12-29
813,1,36.9,-1,24,F,0.169,2020-01-15
814,1,17.49,-1,20,M,0.066,2019-10-17
815,1,12.93,-1,18,M,21.503,2020-02-12
816,2,28.5,-1,28,M,15.268,2021-08-22
817,1,0.68,-1,22,M,19.905,2019-08-28
818,1,253.5,-1,20,M,0.699,2020-11-06
819,1,20.0,-1,23,F,10.396,2021-09-05
820,1,5.9,-1,24,F,0.132,2019-11-15
821,3,51.6,-1,21,F,0.12,2019-08-31
822,1,60.0,-1,35,F,0.042,2020-12-21
823,1,45.0,-1,22,F,0.085,2019-09-14
824,2,12.94,-1,24,M,12.733,2019-10-23
825,1,117.9,-1,17,F,16.147,2019-10-06
826,1,30.0,-1,40,F,0.254,2020-01-09
827,1,143.2,-1,31,M,15.408,2021-01-28
828,2,53.45,-1,34,F,0.056,2019-09-13
829,1,49.0,-1,19,F,0.066,2019-10-10
830,1,19.8,-1,22,M,0.098,2019-09-28
831,1,41.4,-1,22,F,0.049,2019-08-28
832,2,22.56,-1,22,F,0.249,2019-03-30
833,1,15.0,-1,30,F,0.05,2019-09-18
834,1,50.0,-1,25,F,1.757,2019-10-26
835,1,21.0,-1,21,F,0.081,2018-12-01
836,1,0.68,-1,55,F,0.057,2021-06-04
837,1,1090.0,-1,22,F,0.046,2019-10-24
838,1,52.0,-1,21,F,0.118,2019-08-27
839,1,72.0,-1,18,M,0.119,2019-02-16
840,1,12.9,-1,21,M,0.064,2019-09-11
841,1,102.0,1,20,M,0.106,2019-08-27
842,1,0.8,-1,24,M,5.12,2020-02-22
843,1,26.7,-1,36,F,0.041,2021-03-06
844,1,15.49,-1,20,F,0.089,2020-11-27
845,1,31.0,-1,35,M,0.219,2019-11-24
846,1,151.0,-1,30,F,22.182,2020-01-26
847,1,17.5,-1,28,M,2.71,2020-11-16
848,1,49.99,-1,30,M,0.026,2021-01-25
849,1,139.0,1,26,F,7.078,2021-01-29
850,2,176.09,0,26,F,0.09,2020-02-12
851,1,57.9,-1,23,F,0.099,2019-09-24
852,1,117.97,0,19,F,0.079,2020-02-29
853,1,92.17,-1,27,F,0.049,2019-10-16
854,2,53.22,-1,24,F,21.999,2019-07-22
855,1,91.5,-1,47,M,1.103,2020-10-09
856,1,39.9,-1,23,F,0.053,2019-05-03
857,1,8.0,-1,44,M,0.062,2020-06-28
858,1,50.0,-1,23,F,0.071,2019-11-09
859,1,195.0,-1,24,F,2.807,2020-12-18
860,1,22.0,-1,18,F,3.889,2019-09-12
861,1,215.0,1,30,F,0.096,2020-02-17
862,2,39.0,-1,26,F,0.194,2019-11-21
863,1,85.0,-1,24,M,0.064,2020-03-02
864,1,180.0,0,31,F,0.054,2020-01-05
865,1,120.0,1,20,M,0.054,2020-10-15
866,1,28.72,-1,28,M,0.066,2020-02-19
867,2,119.0,0,24,M,0.071,2019-11-22
868,3,79.0,-1,21,F,0.199,2020-11-01
869,1,99.99,-1,27,M,0.065,2020-03-09
870,1,30.0,-1,29,F,0.079,2020-11-16
871,1,38.0,-1,22,F,0.074,2020-01-25
872,1,30.0,-1,26,F,0.038,2020-01-20
873,2,141.41,-1,41,F,0.067,2019-10-02
874,2,39.0,-1,23,F,11.786,2019-09-15
875,2,30.45,-1,19,F,9.164,2021-03-10
876,1,28.8,-1,27,F,0.231,2020-03-11
877,1,58.8,-1,26,M,0.03,2020-12-07
878,1,30.0,-1,28,M,0.092,2019-09-27
879,5,315.0,-1,26,F,0.068,2019-08-28
880,1,108.9,-1,23,M,1.382,2020-02-05
881,1,15.0,-1,23,M,0.091,2020-03-06
882,1,209.0,-1,30,F,0.122,2020-02-21
883,1,29.99,-1,22,F,0.079,2019-10-26
884,1,75.0,-1,22,F,22.502,2019-11-25
885,1,15.98,-1,56,F,0.079,2020-05-11
886,1,39.0,-1,22,F,0.039,2019-09-01
887,3,62.75,-1,26,F,9.743,2020-02-24
888,1,80.0,0,46,F,0.04,2019-07-22
889,1,14.0,-1,26,M,0.139,2019-09-16
890,1,30.45,-1,23,M,0.118,2019-09-23
891,1,149.0,0,34,F,0.125,2020-03-12
892,1,100.0,1,30,F,0.042,2019-06-29
893,1,25.9,-1,23,F,0.09,2020-01-04
894,2,3.84,-1,23,F,0.279,2020-12-31
895,1,69.0,-1,20,M,0.103,2019-11-02
896,1,3.25,-1,23,F,0.051,2019-07-22
897,1,20.0,-1,24,F,21.981,2019-09-20
898,1,17.49,-1,20,F,19.904,2021-02-09
899,2,10.0,-1,18,F,0.094,2020-11-02
900,1,263.95,-1,24,F,0.143,2020-10-10
901,1,53.92,1,27,M,0.054,2019-08-24
902,2,77.4,-1,24,F,0.236,2020-07-19
903,1,52.0,-1,23,F,13.053,2020-02-03
904,1,29.95,-1,19,M,0.089,2019-10-29
905,1,106.63,-1,26,F,0.05,2019-11-15
906,1,11.9,-1,24,F,0.091,2020-08-26
907,1,29.0,-1,20,M,0.211,2019-11-28
908,1,49.0,-1,46,F,16.214,2020-10-29
909,1,64.0,-1,30,F,0.058,2019-10-18
910,1,69.99,-1,21,F,1.032,2020-02-01
911,1,44.0,-1,21,F,6.267,2019-12-17
912,1,32.2,-1,30,M,0.139,2019-06-14
913,1,2.98,-1,19,F,11.688,2019-10-29
914,1,25.0,-1,45,F,0.051,2021-05-25
915,1,30.0,-1,38,M,0.1,2020-01-25
916,1,49.95,-1,30,M,0.157,2020-03-15
917,1,140.0,0,52,M,0.109,2019-12-13
918,1,40.0,-1,24,M,0.06,2020-02-23
919,1,5.62,-1,26,M,0.079,2019-08-22
920,1,73.0,-1,22,F,0.045,2020-01-30
921,2,113.34,-1,22,F,0.059,2019-12-06
922,2,63.69,-1,19,M,7.529,2021-01-27
923,1,9.6,-1,25,M,0.086,2021-01-05
924,2,150.5,-1,19,M,0.07,2019-06-03
925,1,100.0,-1,18,M,20.173,2019-12-30
926,1,23.6,-1,21,F,0.192,2020-08-30
927,2,12.0,-1,24,F,0.048,2020-07-20
928,1,67.25,-1,42,F,0.446,2020-11-16
929,1,149.0,0,19,M,0.174,2019-11-23
930,1,15.99,-1,36,F,4.522,2021-01-04
931,1,25.9,-1,32,F,0.046,2020-03-19
932,6,59.0,-1,54,M,0.471,2019-10-22
933,1,109.0,-1,20,M,23.378,2021-01-08
934,1,149.5,1,24,F,23.909,2020-03-07
935,1,49.97,-1,29,F,0.055,2019-06-04
936,1,5.92,-1,21,F,0.079,2020-03-04
937,1,85.0,0,21,F,0.104,2019-09-15
938,1,95.0,-1,22,F,0.104,2019-11-10
939,1,224.88,-1,41,F,0.682,2021-02-10
940,1,102.0,0,21,F,0.036,2019-03-05
941,1,44.9,-1,47,M,0.051,2018-11-16
942,1,3.2,-1,27,F,0.029,2021-02-21
943,1,82.0,1,21,F,0.082,2019-11-19
944,1,130.0,-1,20,F,0.993,2020-03-12
945,1,325.0,-1,28,F,0.075,2019-11-16
946,1,99.0,0,53,F,0.052,2021-03-07
947,1,35.2,-1,19,F,0.097,2019-09-01
948,1,128.63,-1,50,F,0.149,2020-01-19
949,1,301.95,0,33,F,0.04,2019-10-14
950,1,69.9,-1,31,F,0.055,2020-11-21
951,1,225.25,-1,21,F,0.119,2019-11-25
952,1,52.49,-1,21,M,0.07,2020-02-29
953,2,45.6,-1,28,F,0.082,2020-12-04
954,2,14.1,-1,20,F,0.048,2020-12-12
955,1,59.99,-1,27,F,7.176,2020-12-27
956,2,40.0,-1,26,F,0.117,2020-02-09
957,1,12.9,-1,36,F,0.153,2020-11-22
958,2,31.5,-1,25,M,0.061,2020-01-30
959,1,171.28,-1,28,F,11.582,2021-02-19
960,1,7.9,-1,22,F,0.267,2021-01-25
961,1,3.95,-1,30,M,0.023,2021-01-28
962,1,26.0,-1,27,F,0.041,2019-11-06
963,1,9.59,-1,25,F,0.054,2020-01-26
964,1,76.0,-1,25,F,14.672,2020-01-26
965,1,38.35,-1,26,F,0.064,2020-02-04
966,1,177.0,-1,38,F,0.06,2020-03-14
967,1,98.0,-1,20,F,0.058,2019-09-04
968,1,25.0,-1,19,F,0.058,2019-12-24
969,1,13.1,-1,21,F,0.044,2020-01-28
970,2,52.0,-1,28,M,0.08,2020-10-17
971,1,89.25,0,55,F,0.119,2019-11-24
972,2,39.0,-1,18,M,0.036,2018-08-28
973,1,29.0,-1,25,F,0.13,2019-08-28
974,2,44.99,-1,29,F,0.126,2020-01-26
975,1,12.0,-1,30,F,0.051,2020-03-07
976,1,18.0,-1,38,F,8.233,2020-02-27
977,1,102.72,0,20,M,0.062,2019-11-11
978,1,89.0,-1,23,F,0.082,2020-10-16
979,1,9.99,-1,26,F,0.122,2020-01-22
980,1,49.99,-1,27,F,0.076,2020-06-16
981,1,66.9,-1,24,M,5.864,2021-02-12
982,1,22.0,-1,18,M,0.074,2020-01-03
983,1,0.79,-1,19,F,0.172,2019-08-13
984,1,47.0,-1,43,F,0.293,2020-11-14
985,1,90.0,0,20,M,12.093,2020-03-04
986,1,50.0,-1,19,M,0.057,2021-03-06
987,1,95.0,-1,26,F,0.087,2020-02-10
988,1,28.0,-1,27,F,14.984,2019-11-01
989,1,70.0,-1,25,F,22.926,2020-01-21
990,1,29.85,-1,27,M,6.711,2021-06-08
991,2,26.7,-1,21,F,0.049,2020-01-30
992,1,79.98,-1,21,M,0.146,2020-10-13
993,1,89.9,-1,22,M,13.645,2019-11-10
994,1,18.0,-1,31,M,0.188,2020-05-08
995,1,31.2,-1,21,F,20.284,2019-10-24
996,1,60.0,-1,21,M,0.042,2021-02-11
997,2,34.5,-1,25,F,23.871,2020-02-05
998,1,39.0,-1,24,F,0.163,2021-01-26
999,1,45.0,-1,28,F,0.048,2019-11-17
1000,1,360.0,-1,49,M,0.095,2020-10-17
1001,2,5.97,-1,22,F,0.033,2019-05-26
1002,1,25.0,-1,19,M,0.045,2019-08-23
1003,1,29.5,-1,27,F,0.078,2019-06-02
1004,1,225.0,-1,28,M,0.151,2020-01-02
1005,1,1.68,-1,53,F,0.048,2021-01-06
1006,1,79.0,-1,40,M,1.111,2020-01-03
1007,1,25.0,-1,35,F,17.152,2019-10-09
1008,2,86.0,0,27,F,0.05,2020-01-27
1009,1,93.3,-1,43,F,9.992,2019-12-12
1010,1,16.0,-1,51,F,0.076,2020-02-03
1011,2,42.5,-1,28,F,0.091,2020-01-04
1012,1,91.99,-1,25,F,0.105,2019-10-22
1013,1,34.99,-1,23,F,0.091,2019-12-05
1014,1,24.96,-1,21,F,0.056,2019-11-15
1015,1,30.0,-1,60,F,1.093,2020-02-24
1016,1,79.98,-1,28,F,0.051,2020-05-05
1017,1,10.3,-1,21,F,5.289,2019-05-26
1018,1,115.0,-1,36,F,0.052,2021-02-13
1019,1,5.0,-1,28,F,0.039,2019-08-29
1020,1,74.0,-1,28,F,7.449,2019-10-27
1021,2,11.75,-1,22,F,0.069,2020-12-04
1022,1,63.75,-1,26,F,0.062,2020-02-01
1023,2,69.82,-1,33,F,0.233,2020-07-27
1024,1,65.0,-1,45,F,2.992,2019-12-12
1025,1,164.0,0,32,M,0.055,2020-02-29
1026,1,112.25,-1,30,M,0.077,2020-05-05
1027,1,39.0,-1,23,F,13.551,2019-10-07
1028,2,8.0,-1,34,F,0.195,2020-10-26
1029,1,156.5,0,20,F,0.417,2020-10-06
1030,1,62.3,-1,0,,0.059,2020-01-31
1031,2,40.0,-1,24,F,0.052,2018-09-07
1032,1,35.0,-1,20,F,0.056,2019-07-04
1033,1,7.9,-1,28,F,12.229,2020-04-18
1034,1,56.0,-1,40,F,0.077,2020-01-13
1035,1,75.0,-1,45,F,0.065,2020-12-03
1036,1,61.9,-1,22,F,9.768,2020-01-05
1037,1,34.0,-1,22,M,0.07,2019-09-22
1038,1,45.0,-1,42,F,0.097,2019-08-28
1039,1,30.0,-1,23,F,0.052,2020-02-17
1040,1,42.5,-1,18,F,0.282,2020-02-17
1041,1,90.0,0,32,M,5.179,2020-12-02
1042,1,38.75,-1,18,F,1.519,2019-11-23
1043,2,9.09,-1,66,M,0.106,2020-03-01
1044,3,106.78,-1,40,F,0.048,2019-12-07
1045,1,21.0,-1,21,M,0.112,2021-03-06
1046,1,38.27,-1,20,F,0.635,2019-10-19
1047,2,116.56,-1,30,M,0.127,2019-12-30
1048,3,19.0,-1,22,M,0.083,2019-09-02
1049,2,57.44,-1,24,M,0.107,2020-07-21
1050,1,22.17,-1,38,F,0.033,2020-11-19
1051,1,19.99,-1,26,F,9.779,2019-10-30
1052,1,200.0,-1,19,F,0.072,2019-09-09
1053,1,11.92,-1,24,F,0.045,2019-12-11
1054,1,54.5,-1,33,F,0.07,2019-08-26
1055,1,10.67,-1,19,F,6.746,2020-01-11
1056,1,177.0,-1,20,F,0.084,2019-08-21
1057,1,199.9,-1,29,F,9.581,2019-04-01
1058,1,81.96,-1,62,M,17.229,2021-01-03
1059,1,139.0,-1,35,F,0.054,2020-01-29
1060,2,66.97,-1,22,F,0.055,2019-09-02
1061,2,166.5,1,27,F,0.103,2020-01-26
1062,1,35.6,-1,24,F,0.187,2019-11-16
1063,1,59.0,-1,21,F,18.093,2019-09-03
1064,1,65.05,-1,18,M,0.098,2019-05-25
1065,1,9.17,-1,19,F,1.697,2019-10-06
1066,1,7.8,-1,37,F,10.775,2019-06-07
1067,1,79.9,-1,23,F,0.045,2019-11-19
1068,1,77.95,-1,18,F,0.083,2019-09-20
1069,1,9.9,-1,22,F,0.08,2019-06-01
1070,1,26.07,-1,24,F,0.047,2020-01-05
1071,1,37.95,-1,26,M,0.061,2019-10-21
1072,1,11.9,-1,18,F,0.164,2020-01-23
1073,1,10.0,-1,32,F,0.053,2020-02-16
1074,1,15.0,-1,23,F,0.025,2019-05-11
1075,1,3.9,-1,29,F,0.047,2021-02-27
1076,1,49.48,-1,18,F,0.085,2019-09-24
1077,1,97.01,0,41,M,0.061,2020-01-05
1078,1,4.54,-1,32,F,0.093,2020-01-29
1079,1,260.0,0,26,F,0.301,2021-02-17
1080,1,106.0,-1,24,M,0.064,2019-11-23
1081,1,3.9,-1,32,F,0.058,2019-10-21
1082,1,69.0,-1,19,F,17.842,2019-07-24
1083,1,23.0,-1,28,M,0.199,2020-01-03
1084,1,39.5,-1,18,M,10.517,2021-02-21
1085,1,75.0,-1,31,F,0.052,2019-11-10
1086,1,12.49,-1,24,F,0.048,2019-12-09
1087,3,44.95,-1,29,F,0.065,2020-05-21
1088,2,10.0,-1,28,F,0.061,2019-09-14
1089,1,19.99,-1,24,M,20.393,2019-11-13
1090,1,31.48,-1,39,F,0.137,2020-03-04
1091,1,100.0,1,22,M,19.671,2020-02-19
1092,7,155.72,0,38,F,4.614,2019-12-13
1093,1,14.18,-1,27,F,0.065,2019-10-05
1094,1,14.95,-1,28,F,0.198,2019-08-12
1095,1,30.0,-1,19,F,4.181,2019-08-27
1096,3,26.94,-1,20,F,0.103,2019-11-29
1097,1,85.0,-1,24,F,0.367,2020-10-18
1098,1,20.38,-1,25,F,0.104,2020-03-14
1099,5,35.0,-1,21,F,1.131,2019-11-13
1100,1,32.47,-1,20,F,0.058,2019-09-08
1101,1,49.0,-1,20,F,0.082,2020-03-07
1102,1,19.99,-1,24,M,0.061,2020-11-20
1103,1,204.9,1,20,M,0.136,2020-02-06
1104,1,55.44,-1,36,F,0.097,2020-01-26
1105,1,7.3,-1,45,F,0.07,2020-02-06
1106,1,190.0,1,34,F,0.121,2020-07-19
1107,1,27.5,-1,28,F,3.564,2019-11-02
1108,1,27.99,-1,39,F,0.113,2019-09-29
1109,1,39.0,-1,23,F,0.06,2019-10-24
1110,1,22.45,-1,27,F,0.043,2020-02-29
1111,1,6.0,-1,23,F,8.566,2019-10-29
1112,3,20.99,-1,25,M,0.048,2019-10-03
1113,1,31.0,-1,18,M,11.211,2019-08-24
1114,1,10.0,-1,47,M,0.095,2019-12-30
1115,1,184.0,0,52,F,1.359,2021-01-16
1116,1,78.4,-1,22,F,3.556,2020-01-06
1117,1,59.0,-1,20,M,0.442,2020-01-24
1118,1,15.99,-1,20,M,0.18,2020-01-17
1119,1,159.0,0,19,F,0.069,2019-06-04
1120,1,14.75,-1,18,M,0.048,2021-02-06
1121,1,26.8,-1,26,M,13.048,2020-01-15
1122,1,113.0,-1,34,M,0.068,2019-11-10
1123,1,20.0,-1,0,,2.8,2019-11-27
1124,1,148.0,0,38,F,0.194,2020-10-16
1125,1,118.0,0,43,F,0.175,2020-02-01
1126,1,37.5,-1,22,F,0.048,2019-11-29
1127,1,75.0,-1,19,F,0.032,2020-05-02
1128,1,46.91,-1,19,M,6.876,2018-10-13
1129,1,58.0,-1,18,M,0.062,2019-03-24
1130,1,115.0,-1,20,F,0.098,2019-09-06
1131,1,6.99,-1,22,F,0.069,2020-03-02
1132,1,0.5,-1,21,F,20.088,2019-10-06
1133,2,79.0,-1,27,F,0.298,2020-01-04
1134,1,75.66,-1,27,M,0.065,2020-11-04
1135,2,427.75,-1,22,F,0.089,2019-05-30
1136,1,59.2,-1,22,M,0.054,2019-08-23
1137,1,19.99,-1,34,F,0.071,2020-04-20
1138,1,17.9,-1,27,F,0.273,2019-11-20
1139,1,62.25,-1,34,F,0.084,2020-09-23
1140,1,19.96,-1,53,F,0.108,2020-02-05
1141,2,123.0,-1,26,F,0.141,2020-06-30
1142,1,42.91,-1,50,F,0.068,2020-01-10
1143,1,23.42,-1,25,F,0.158,2020-02-14
1144,1,39.5,-1,23,F,0.048,2020-01-23
1145,1,75.0,-1,26,M,0.05,2019-05-28
1146,1,15.0,-1,31,F,0.031,2020-12-04
1147,1,10.5,-1,42,F,14.091,2020-01-11
1148,1,69.5,-1,19,F,5.197,2019-12-17
1149,1,20.0,-1,21,F,0.218,2020-01-08
1150,1,42.0,-1,20,F,0.065,2020-01-10
1151,1,17.5,-1,22,F,0.086,2019-06-26
1152,1,56.82,-1,30,F,0.162,2021-01-07
1153,2,110.34,-1,31,F,0.07,2020-02-03
1154,1,122.5,1,28,F,0.116,2019-12-27
1155,1,32.3,-1,23,F,0.089,2020-01-17
1156,1,47.45,-1,27,M,0.059,2020-11-11
1157,1,171.0,0,21,F,0.076,2020-02-11
1158,1,8.7,-1,37,F,0.052,2019-11-19
1159,1,24.89,-1,23,F,0.067,2020-02-03
1160,2,17.45,-1,23,F,0.053,2019-12-22
1161,1,12.0,-1,32,F,10.887,2020-04-29
1162,1,51.0,-1,19,F,14.017,2019-08-14
1163,1,9.9,-1,21,F,0.053,2020-02-17
1164,1,4.9,-1,24,F,0.072,2020-01-05
1165,2,22.4,-1,18,M,3.382,2020-02-04
1166,1,73.96,-1,45,F,0.158,2020-03-27
1167,1,68.25,-1,19,F,0.094,2019-11-05
1168,1,56.7,-1,22,F,14.26,2019-08-28
1169,1,69.8,-1,28,M,0.049,2019-10-20
1170,5,59.0,-1,41,F,0.089,2019-06-08
1171,1,64.0,-1,24,F,0.117,2020-08-04
1172,2,106.0,-1,27,F,0.066,2020-03-12
1173,1,46.75,-1,37,F,0.08,2020-09-06
1174,1,69.29,-1,21,M,0.057,2019-11-03
1175,1,45.0,-1,21,F,0.043,2019-09-22
1176,1,60.0,-1,23,F,0.174,2019-08-23
1177,11,130.0,-1,19,M,0.025,2021-01-08
1178,1,60.0,-1,18,F,0.081,2020-03-13
1179,1,49.9,-1,24,M,0.059,2021-03-29
1180,1,47.3,-1,18,F,0.101,2019-09-14
1181,1,98.97,-1,25,F,3.844,2019-11-28
1182,1,21.44,-1,20,M,0.062,2019-09-19
1183,2,70.0,-1,30,F,0.099,2020-08-21
1184,1,66.2,-1,37,M,0.142,2019-10-21
1185,1,50.0,-1,28,F,0.048,2020-02-11
1186,1,3.0,-1,20,F,5.574,2020-02-03
1187,1,53.4,-1,21,F,5.16,2019-12-11
1188,1,16.8,-1,29,F,0.304,2021-01-13
1189,1,388.5,-1,27,M,0.113,2019-10-06
1190,2,13.98,-1,26,M,0.079,2020-01-06
1191,3,36.24,-1,22,M,0.053,2021-02-08
1192,1,41.0,-1,33,F,0.099,2020-09-06
1193,1,10.3,-1,25,M,0.042,2021-02-18
1194,1,18.5,-1,28,M,0.072,2019-12-13
1195,2,169.0,0,22,F,0.082,2020-01-13
1196,1,24.11,-1,49,F,0.055,2021-01-29
1197,1,65.0,-1,22,M,0.076,2021-05-19
1198,1,100.0,-1,27,F,0.041,2020-12-08
1199,1,110.0,-1,25,F,0.057,2020-01-26
1200,1,49.99,-1,27,F,0.063,2020-03-12
1201,1,107.35,-1,19,M,0.155,2020-02-13
1202,1,135.0,1,22,F,0.114,2021-01-17
1203,1,9.3,-1,19,F,0.108,2020-01-27
1204,3,143.3,0,54,F,0.371,2020-02-22
1205,2,5.0,-1,56,F,0.315,2020-07-08
1206,1,40.0,-1,20,F,0.048,2019-11-08
1207,3,38.48,-1,19,M,0.07,2019-09-01
1208,1,19.0,-1,26,M,0.184,2019-11-09
1209,1,59.5,-1,18,F,0.102,2018-11-20
1210,1,40.0,-1,21,M,0.093,2021-02-20
1211,2,27.55,-1,23,F,0.05,2019-09-01
1212,1,2.9,-1,30,M,0.078,2020-02-01
1213,1,28.5,-1,17,F,10.634,2019-08-08
1214,1,30.18,-1,21,F,0.047,2019-07-26
1215,1,20.0,-1,26,F,11.695,2019-09-22
1216,1,232.0,0,18,F,0.949,2020-12-09
1217,2,19.71,-1,21,M,0.052,2019-12-04
1218,1,8.79,-1,19,M,0.105,2021-06-08
1219,1,25.0,-1,22,M,0.171,2019-10-06
1220,1,30.0,-1,21,M,8.539,2019-10-02
1221,1,25.69,-1,25,M,0.146,2019-12-14
1222,1,263.67,-1,23,M,20.151,2020-01-29
1223,1,77.96,-1,20,F,0.035,2019-07-22
1224,1,23.8,-1,20,F,10.286,2019-08-05
1225,1,22.33,-1,31,F,0.054,2020-03-01
1226,2,110.0,-1,22,F,0.082,2020-10-31
1227,1,40.0,-1,18,M,0.077,2019-10-29
1228,1,3.37,-1,29,F,0.054,2019-10-06
1229,2,196.0,0,23,F,0.036,2018-12-05
1230,1,88.0,0,18,F,0.063,2020-06-05
1231,1,59.02,-1,25,F,19.402,2019-07-18
1232,1,103.0,-1,18,F,0.45,2021-08-16
1233,2,85.0,1,20,F,0.174,2020-02-06
1234,1,153.45,-1,23,F,0.158,2019-08-24
1235,2,67.0,-1,29,M,21.383,2019-08-29
1236,1,741.0,-1,28,F,0.041,2019-10-02
1237,4,49.99,-1,22,M,0.026,2019-02-09
1238,1,48.07,-1,25,M,0.107,2020-02-09
1239,1,51.44,-1,19,M,0.138,2020-05-05
1240,1,5.0,-1,22,F,0.058,2019-10-11
1241,1,29.59,-1,23,F,0.047,2019-11-13
1242,1,32.5,-1,21,M,0.051,2020-09-30
1243,1,85.0,0,20,F,17.11,2020-01-21
1244,1,45.0,-1,20,M,0.058,2019-12-03
1245,1,89.0,0,24,M,0.118,2019-08-27
1246,1,16.0,-1,27,F,0.141,2020-02-20
1247,1,40.0,-1,19,M,12.915,2021-05-23
1248,1,89.0,0,22,F,7.259,2020-01-30
1249,1,154.83,-1,20,F,0.14,2020-02-13
1250,1,29.4,-1,19,F,0.075,2019-08-05
1251,1,39.9,-1,28,F,19.498,2019-06-24
1252,1,33.0,-1,27,M,18.932,2019-08-05
1253,1,27.6,-1,27,F,0.068,2019-10-20
1254,1,54.92,-1,18,F,0.31,2020-09-25
1255,1,218.0,-1,24,M,2.828,2019-09-21
1256,1,75.0,-1,23,O,0.077,2021-05-06
1257,1,27.47,-1,19,F,0.067,2019-11-18
1258,1,17.8,-1,26,M,20.04,2019-11-22
1259,1,68.9,-1,20,F,1.078,2020-02-17
1260,2,234.0,-1,21,F,1.587,2019-09-24
1261,2,34.99,-1,18,F,0.064,2019-07-18
1262,1,35.0,-1,28,F,0.06,2020-02-09
1263,1,75.0,-1,33,F,0.051,2021-02-28
1264,1,145.0,0,19,M,0.091,2019-11-03
1265,1,167.95,-1,22,F,5.444,2021-02-08
1266,1,13.9,-1,21,F,0.179,2019-10-31
1267,1,19.99,-1,42,M,0.07,2020-11-15
1268,1,46.9,-1,26,M,1.641,2020-03-01
1269,2,135.45,-1,24,F,0.059,2019-09-26
1270,3,151.4,-1,29,F,0.038,2020-01-11
1271,1,70.0,-1,21,F,8.259,2019-10-29
1272,1,25.0,-1,25,F,19.654,2020-10-18
1273,1,61.9,-1,25,F,0.059,2019-10-13
1274,2,24.85,-1,26,F,0.286,2020-01-28
1275,1,75.0,-1,24,F,0.047,2020-01-13
1276,1,29.9,-1,29,F,6.325,2020-01-01
1277,1,22.94,-1,20,M,0.102,2020-12-01
1278,1,10.9,-1,26,F,0.133,2020-11-09
1279,1,20.67,-1,37,F,0.134,2020-07-14
1280,2,66.5,-1,29,F,0.086,2020-02-19
1281,1,25.0,-1,19,M,0.124,2020-02-13
1282,1,201.5,-1,20,M,13.887,2019-12-30
1283,1,24.25,-1,20,F,20.211,2019-10-12
1284,1,117.59,-1,28,F,0.539,2021-06-23
1285,2,74.44,-1,22,M,0.03,2020-10-29
1286,1,46.0,-1,21,F,11.741,2019-11-16
1287,1,95.0,1,30,M,0.068,2020-10-09
1288,1,398.0,-1,24,F,0.106,2019-09-01
1289,2,63.2,-1,23,F,0.049,2019-12-03
1290,1,15.0,-1,19,F,0.092,2019-08-22
1291,1,185.0,-1,22,M,0.08,2019-09-06
1292,1,74.0,-1,30,M,0.114,2019-05-16
1293,2,12.0,-1,22,F,0.633,2019-12-05
1294,1,64.9,-1,33,F,0.154,2019-10-14
1295,1,29.4,-1,24,M,0.074,2019-10-16
1296,1,41.4,-1,28,M,0.042,2020-06-02
1297,1,40.0,-1,17,F,0.126,2020-02-23
1298,1,78.58,-1,50,F,1.962,2019-09-14
1299,1,62.26,-1,20,F,0.069,2019-08-30
1300,1,140.0,-1,33,F,0.091,2019-11-21
1301,1,7.9,-1,21,F,0.073,2019-12-31
1302,1,37.5,-1,31,F,0.053,2020-02-04
1303,1,250.0,1,31,F,0.047,2019-10-29
1304,2,52.75,-1,20,F,0.038,2019-09-28
1305,2,198.0,-1,24,F,0.274,2019-12-10
1306,2,56.7,-1,19,F,0.098,2020-09-18
1307,1,56.0,-1,19,F,0.079,2020-03-06
1308,1,150.0,0,27,M,0.075,2020-02-26
1309,3,19.5,-1,20,F,0.044,2019-09-27
1310,1,50.6,-1,30,F,0.043,2020-01-10
1311,1,90.0,0,23,F,0.059,2020-05-19
1312,1,97.0,-1,20,F,19.384,2019-08-31
1313,3,101.49,-1,27,F,0.07,2019-10-25
1314,1,37.0,-1,25,M,6.113,2021-06-25
1315,1,24.99,-1,23,F,3.166,2018-10-18
1316,2,24.5,-1,28,F,0.029,2019-05-09
1317,2,59.67,-1,28,F,0.028,2021-01-08
1318,1,69.0,-1,22,F,0.051,2020-08-19
1319,3,225.0,1,28,F,0.042,2020-03-10
1320,1,84.5,-1,20,F,0.064,2020-09-08
1321,1,90.0,0,21,F,0.066,2019-11-10
1322,1,39.0,-1,23,F,0.096,2020-01-08
1323,1,15.3,-1,26,M,0.031,2019-07-02
1324,5,24.0,-1,56,F,0.132,2019-09-29
1325,1,236.0,-1,23,F,0.042,2019-10-24
1326,1,8.25,-1,22,F,0.11,2019-09-11
1327,1,22.9,-1,20,F,3.058,2020-01-11
1328,1,111.3,0,42,M,0.109,2020-06-23
1329,1,10.0,-1,19,F,0.043,2021-08-10
1330,1,175.0,-1,26,F,0.051,2019-11-04
1331,1,18.45,-1,26,F,0.05,2019-11-25
1332,1,60.0,-1,20,F,13.053,2021-01-20
1333,1,44.25,-1,42,F,0.055,2020-11-09
1334,1,23.4,-1,25,F,0.183,2019-11-16
1335,2,11.79,-1,25,F,0.122,2019-10-24
1336,1,36.17,-1,32,M,0.276,2020-01-10
1337,1,12.3,-1,21,F,0.091,2018-11-06
1338,1,85.03,-1,22,F,0.176,2019-09-06
1339,1,35.0,-1,20,F,0.157,2020-09-17
1340,1,99.0,0,20,F,0.08,2019-09-13
1341,1,8.95,-1,26,F,0.03,2021-02-16
1342,1,12.93,-1,48,F,0.063,2021-04-28
1343,1,7.0,-1,32,F,0.24,2020-05-30
1344,1,85.3,0,22,F,0.322,2020-01-30
1345,1,10.0,-1,18,F,0.073,2019-09-27
1346,1,32.5,-1,39,F,2.84,2019-07-08
1347,1,150.0,-1,21,M,0.092,2019-10-30
1348,2,54.9,-1,20,F,0.063,2020-02-29
1349,1,119.95,0,25,M,2.023,2019-06-04
1350,1,79.0,-1,24,F,0.081,2019-12-19
1351,1,24.9,-1,35,F,0.484,2020-11-28
1352,1,37.4,-1,20,F,0.057,2020-08-25
1353,1,9.4,-1,26,M,0.053,2019-12-02
1354,1,40.24,-1,31,F,8.101,2020-07-09
1355,2,35.0,-1,21,M,0.113,2018-11-26
1356,1,97.63,-1,18,F,0.085,2020-02-11
1357,1,47.24,-1,55,F,0.067,2020-11-29
1358,1,0.54,-1,21,F,0.088,2020-02-15
1359,1,72.0,-1,27,F,0.049,2020-10-05
1360,1,7.8,-1,41,F,0.058,2020-08-27
1361,2,3.5,-1,37,F,0.102,2020-08-11
1362,2,36.0,-1,23,M,0.092,2019-08-28
1363,1,67.0,-1,40,F,17.239,2021-09-05
1364,1,39.0,-1,32,F,10.173,2019-06-26
1365,1,49.95,-1,29,F,1.346,2020-02-25
1366,1,26.0,-1,26,F,0.065,2020-02-22
1367,1,107.0,-1,27,M,0.148,2020-01-21
1368,1,59.95,-1,24,F,0.088,2019-12-01
1369,1,1.5,-1,23,F,0.139,2020-11-25
1370,1,135.0,-1,25,M,15.632,2020-01-22
1371,1,155.0,0,24,F,0.159,2019-11-24
1372,1,25.0,-1,21,F,0.098,2020-03-06
1373,1,2.16,-1,24,F,17.879,2020-03-08
1374,1,55.0,-1,23,F,0.079,2020-12-04
1375,1,126.0,-1,32,F,0.051,2019-06-25
1376,1,38.65,-1,25,F,0.176,2019-11-01
1377,1,169.96,1,22,M,0.061,2019-11-25
1378,1,75.0,-1,26,F,1.472,2019-08-15
1379,1,97.5,0,21,M,0.166,2019-12-30
1380,1,169.0,-1,49,F,3.663,2021-02-06
1381,1,394.0,-1,31,F,0.564,2021-01-27
1382,1,105.0,-1,18,M,0.069,2019-09-25
1383,1,30.0,-1,19,M,0.124,2021-09-25
1384,1,32.85,-1,26,F,0.248,2020-02-12
1385,1,24.0,-1,23,F,0.052,2019-11-30
1386,1,55.0,-1,19,M,6.606,2019-07-22
1387,2,8.29,-1,19,F,21.045,2020-03-08
1388,1,34.9,-1,29,F,0.068,2020-11-09
1389,1,21.0,-1,18,F,0.627,2020-12-12
1390,2,15.0,-1,32,F,0.071,2021-01-16
1391,1,37.0,-1,20,F,0.056,2019-07-21
1392,1,64.0,-1,23,M,0.061,2019-10-13
1393,1,7.95,-1,28,M,0.044,2020-10-09
1394,1,52.45,-1,28,F,0.059,2019-11-23
1395,4,50.82,-1,34,F,0.134,2020-02-03
1396,1,24.5,-1,18,M,0.369,2021-08-31
1397,1,8.79,-1,60,F,0.098,2021-08-22
1398,1,187.5,0,38,F,0.158,2020-11-26
1399,1,22.0,-1,21,F,3.907,2020-03-02
1400,1,49.99,-1,25,F,0.049,2021-05-18
1401,1,40.0,-1,22,F,0.146,2020-06-01
1402,1,86.5,0,31,M,0.039,2021-09-05
1403,1,50.0,-1,24,F,0.042,2020-01-26
1404,1,149.0,-1,20,F,17.461,2019-09-19
1405,1,32.5,-1,25,M,0.086,2020-03-16
1406,2,45.0,-1,19,F,0.077,2019-10-07
1407,1,103.2,0,21,F,0.06,2019-06-22
1408,1,59.82,-1,33,F,6.749,2020-12-06
1409,1,99.9,-1,27,F,0.217,2019-11-20
1410,1,15.27,-1,20,F,0.088,2020-10-21
1411,1,24.99,-1,23,F,23.481,2020-08-31
1412,1,1.0,-1,22,M,0.191,2019-12-07
1413,1,21.2,-1,24,F,0.043,2019-12-07
1414,1,140.0,-1,24,F,0.057,2019-08-18
1415,1,16.9,-1,31,F,0.065,2019-10-22
1416,1,15.75,-1,22,M,0.11,2019-09-17
1417,1,190.0,0,27,F,0.033,2021-01-24
1418,1,29.0,-1,23,F,5.876,2019-09-13
1419,1,224.88,0,24,M,0.472,2020-02-25
1420,1,6.0,-1,18,M,12.386,2019-08-17
1421,1,99.0,-1,21,M,3.196,2021-09-12
1422,1,60.0,-1,27,F,0.042,2021-08-23
1423,1,25.9,-1,21,F,0.094,2018-10-29
1424,1,184.9,-1,18,F,0.369,2019-10-12
1425,1,462.0,-1,36,F,0.313,2019-11-01
1426,1,35.0,-1,25,M,0.126,2020-02-23
1427,1,29.8,-1,35,F,0.054,2020-06-05
1428,1,44.35,-1,29,F,0.046,2020-12-02
1429,1,28.77,-1,20,M,0.108,2020-03-17
1430,1,19.98,-1,24,M,0.069,2020-02-15
1431,2,9.57,-1,21,O,0.523,2021-04-19
1432,1,19.05,-1,19,F,0.091,2019-07-27
1433,7,99.0,-1,22,F,0.23,2019-10-27
1434,1,22.5,-1,24,M,0.119,2020-01-14
1435,1,17.37,-1,18,M,3.298,2020-02-05
1436,2,13.25,-1,19,F,19.766,2021-01-14
1437,1,161.0,-1,28,F,16.41,2020-09-12
1438,1,184.0,-1,27,F,0.059,2020-02-16
1439,1,15.99,-1,22,F,0.117,2021-09-22
1440,2,70.9,-1,21,M,23.298,2019-06-04
1441,1,70.0,-1,22,F,16.589,2019-11-30
1442,1,184.8,-1,29,F,0.117,2020-01-08
1443,1,31.6,-1,20,F,0.153,2019-05-29
1444,1,248.0,-1,34,F,0.109,2021-09-10
1445,1,109.0,-1,25,M,0.066,2019-11-02
1446,1,12.0,-1,34,F,0.062,2020-08-25
1447,1,139.15,-1,20,M,0.074,2020-01-10
1448,1,65.0,-1,49,F,0.066,2020-03-09
1449,1,100.0,0,34,F,0.038,2019-12-22
1450,1,7.9,-1,22,M,0.447,2019-07-31
1451,1,12.9,-1,18,M,5.225,2021-09-05
1452,1,39.5,-1,18,F,6.841,2019-08-16
1453,1,99.0,0,25,F,0.195,2020-09-14
1454,2,23.6,-1,22,F,11.446,2019-09-20
1455,1,45.9,-1,41,F,0.081,2021-10-30
1456,1,17.8,-1,19,M,0.071,2019-10-30
1457,1,0.9,-1,25,F,19.401,2020-08-26
1458,1,83.0,-1,34,M,0.074,2021-04-12
1459,1,242.0,1,20,M,0.097,2020-03-25
1460,1,27.22,-1,19,F,6.351,2021-01-15
1461,3,42.9,-1,23,F,0.046,2019-01-01
1462,4,18.39,-1,41,F,0.082,2019-12-07
1463,1,25.04,-1,31,F,0.043,2021-04-20
1464,1,39.0,-1,21,F,0.259,2019-09-18
1465,1,63.74,-1,24,F,3.069,2020-03-13
1466,2,13.24,-1,27,F,0.072,2020-03-01
1467,1,59.0,-1,21,F,0.055,2020-02-01
1468,1,34.0,-1,24,F,8.626,2020-07-24
1469,1,39.95,-1,19,F,20.387,2019-09-01
1470,1,24.9,-1,32,M,0.032,2020-12-02
1471,1,395.0,0,23,F,0.076,2020-01-06
1472,1,75.0,-1,24,M,0.048,2020-02-29
1473,1,20.0,-1,27,F,0.024,2021-02-12
1474,1,33.0,-1,19,F,7.308,2019-10-04
1475,1,30.0,-1,24,F,0.064,2019-09-16
1476,1,10.53,-1,20,F,0.038,2019-07-08
1477,1,63.95,-1,30,F,0.433,2019-12-29
1478,1,25.0,-1,19,F,0.076,2019-11-04
1479,3,260.25,-1,20,F,0.148,2020-12-01
1480,2,26.99,-1,21,M,0.072,2018-09-04
1481,1,65.9,-1,21,F,1.037,2020-02-22
1482,1,78.0,-1,21,F,0.114,2020-08-28
1483,1,39.9,-1,22,M,19.024,2020-01-08
1484,1,50.0,-1,28,F,6.697,2019-09-24
1485,1,97.0,0,23,F,0.371,2020-02-05
1486,1,45.0,-1,47,F,0.04,2020-12-30
1487,2,19.0,-1,19,F,0.111,2020-01-07
1488,1,31.5,-1,26,M,0.042,2020-02-07
1489,1,190.0,-1,21,F,0.069,2020-10-12
1490,1,25.0,-1,23,M,0.071,2021-05-10
1491,1,30.0,-1,20,F,0.764,2020-01-26
1492,1,12.5,-1,33,F,0.051,2020-10-27
1493,1,49.0,-1,18,F,0.05,2020-10-18
1494,1,48.75,-1,20,F,0.275,2019-09-22
1495,1,19.49,-1,21,F,0.066,2021-10-22
1496,1,29.49,-1,29,M,0.086,2019-08-20
1497,1,8.1,-1,20,M,0.107,2021-09-22
1498,1,75.0,-1,26,F,0.21,2019-11-13
1499,1,125.0,-1,27,F,0.099,2020-11-05
1500,4,72.5,-1,18,M,0.08,2019-07-19
1501,1,57.0,-1,24,M,0.109,2020-02-15
1502,1,37.5,-1,21,F,22.72,2021-10-12
1503,1,35.0,-1,42,M,0.15,2019-05-18
1504,1,41.11,-1,22,M,13.029,2020-02-13
1505,1,42.23,-1,24,F,0.063,2020-01-30
1506,2,83.0,0,22,F,0.055,2021-10-28
1507,1,152.0,-1,25,M,0.116,2020-11-03
1508,2,127.5,0,19,F,0.244,2020-06-08
1509,2,99.22,-1,20,M,0.666,2019-09-28
1510,1,300.0,-1,60,F,0.081,2020-03-23
1511,1,78.0,-1,27,M,0.025,2021-05-09
1512,1,295.5,-1,20,F,19.317,2019-10-30
1513,2,107.96,-1,30,F,17.214,2020-05-10
1514,1,99.0,0,25,F,10.893,2019-11-08
1515,2,4.9,-1,20,F,0.121,2019-10-31
1516,1,19.42,-1,24,F,0.054,2021-08-10
1517,1,109.0,0,21,M,0.078,2019-11-24
1518,1,22.8,-1,28,F,0.039,2019-11-06
1519,1,38.56,-1,19,M,0.042,2019-12-13
1520,2,47.94,-1,20,M,0.149,2019-11-17
1521,1,22.9,-1,19,F,0.083,2019-10-02
1522,1,105.0,0,49,F,0.064,2019-09-11
1523,2,31.4,-1,21,F,0.106,2020-01-11
1524,1,10.0,-1,28,F,0.096,2019-09-13
1525,1,59.0,-1,21,F,16.839,2018-10-30
1526,1,86.9,-1,29,M,0.135,2019-12-29
1527,1,15.55,-1,33,F,4.812,2019-05-22
1528,1,25.0,-1,20,F,0.076,2019-08-31
1529,1,82.5,-1,45,F,0.039,2020-02-12
1530,1,44.8,-1,26,M,0.073,2020-01-09
1531,1,24.11,-1,25,F,0.061,2019-12-02
1532,1,12.32,-1,44,F,0.055,2020-07-21
1533,2,9.49,-1,30,F,0.109,2019-08-30
1534,1,29.0,-1,20,M,0.197,2020-03-04
1535,2,86.79,-1,32,F,1.239,2021-01-09
1536,1,59.0,-1,24,F,17.28,2021-06-23
1537,1,2.66,-1,18,M,0.12,2020-08-09
1538,1,64.9,-1,26,F,0.097,2019-11-04
1539,2,106.44,0,27,F,6.737,2019-11-24
1540,1,36.99,-1,24,F,14.154,2019-09-04
1541,1,24.0,-1,22,M,0.107,2020-02-24
1542,1,7.2,-1,30,M,0.073,2019-06-17
1543,1,90.0,0,46,F,1.85,2019-12-17
1544,1,119.0,-1,18,F,3.819,2020-07-22
1545,2,29.48,-1,19,F,12.645,2020-02-05
1546,1,12.5,-1,24,F,9.877,2021-05-15
1547,1,127.52,0,22,F,0.081,2019-11-27
1548,2,14.95,-1,51,F,6.34,2020-01-13
1549,1,47.48,-1,19,F,0.076,2019-11-14
1550,1,30.05,-1,42,F,1.268,2019-08-18
1551,1,185.0,-1,26,F,0.062,2019-12-17
1552,1,24.48,-1,40,M,0.068,2020-12-27
1553,1,3.0,-1,24,F,0.059,2019-06-19
1554,1,3.6,-1,23,F,0.078,2019-11-15
1555,1,219.5,-1,24,F,0.105,2019-10-29
1556,1,56.0,-1,44,F,4.216,2021-05-26
1557,1,102.0,-1,20,F,0.069,2019-03-07
1558,1,25.0,-1,31,F,3.875,2020-10-04
1559,5,80.0,-1,20,F,0.031,2019-10-06
1560,1,13.95,-1,25,F,0.069,2019-11-10
1561,1,63.95,-1,21,F,12.96,2020-02-11
1562,1,64.9,-1,20,F,13.881,2019-08-04
1563,1,35.0,-1,22,F,0.049,2019-09-16
1564,1,40.0,-1,58,F,0.036,2019-11-24
1565,4,102.25,-1,34,M,20.301,2019-07-03
1566,1,315.0,0,28,M,0.037,2019-08-23
1567,1,50.0,-1,20,F,0.038,2019-09-17
1568,1,34.95,-1,44,F,0.086,2019-08-19
1569,1,8.9,-1,25,F,0.069,2020-01-11
1570,1,15.9,-1,35,F,0.045,2020-12-15
1571,1,28.9,-1,20,F,0.118,2020-02-01
1572,1,90.0,0,19,M,0.057,2020-03-11
1573,1,10.0,-1,28,F,0.058,2019-11-07
1574,2,16.66,-1,36,F,23.987,2020-01-26
1575,1,15.5,-1,33,F,4.838,2019-12-20
1576,2,158.16,-1,54,F,0.07,2020-02-04
1577,2,37.5,-1,39,M,0.071,2021-02-19
1578,1,26.01,-1,21,M,9.747,2019-09-04
1579,2,206.5,0,62,F,0.508,2020-01-08
1580,1,3.5,-1,18,F,0.039,2019-08-25
1581,1,80.0,0,29,M,0.044,2020-11-28
1582,1,23.48,-1,33,M,0.09,2020-02-15
1583,1,175.0,0,23,F,0.178,2020-02-13
1584,1,60.0,-1,20,F,0.074,2021-06-15
1585,1,70.35,-1,22,M,0.081,2019-09-27
1586,1,52.5,-1,18,F,0.081,2021-02-13
1587,1,60.0,-1,20,M,0.407,2021-06-18
1588,1,10.46,-1,37,M,16.638,2019-07-24
1589,1,97.85,0,52,F,2.819,2021-03-28
1590,1,9.31,-1,32,F,9.582,2021-02-14
1591,1,11.24,-1,16,F,1.586,2019-10-31
1592,1,82.5,1,23,F,4.334,2020-07-05
1593,1,185.0,0,23,F,0.097,2019-11-17
1594,1,49.99,-1,24,F,0.055,2020-10-11
1595,2,56.36,0,18,M,2.815,2019-11-18
1596,1,49.0,-1,20,F,0.067,2019-12-25
1597,1,6.0,-1,20,F,0.05,2019-07-28
1598,1,47.6,-1,33,F,3.044,2019-12-13
1599,1,44.0,-1,22,F,0.222,2019-10-14
1600,1,49.9,-1,29,F,0.071,2019-10-23
1601,1,169.97,-1,31,F,0.048,2020-09-29
1602,1,76.0,-1,30,M,0.044,2019-12-30
1603,2,74.5,-1,27,M,0.04,2021-02-16
1604,3,58.4,-1,47,F,17.003,2019-05-09
1605,1,185.0,-1,23,F,2.349,2020-01-21
1606,1,35.0,-1,23,M,0.041,2019-08-29
1607,1,32.0,-1,17,F,0.032,2019-10-07
1608,1,39.95,-1,23,F,2.412,2019-06-20
1609,1,14.8,-1,21,F,0.127,2020-01-14
1610,1,28.0,-1,26,M,0.045,2019-12-15
1611,1,19.0,-1,22,F,0.128,2020-01-12
1612,1,67.0,-1,22,F,0.073,2019-11-12
1613,1,6.0,-1,27,M,0.042,2020-02-04
1614,1,32.0,-1,18,F,0.028,2019-07-01
1615,1,116.85,0,27,F,0.077,2020-05-12
1616,2,10.0,-1,36,F,0.098,2020-02-08
1617,1,17.53,-1,32,F,0.078,2019-08-31
1618,1,41.99,-1,23,F,0.115,2020-03-15
1619,1,28.0,-1,38,M,0.254,2019-09-17
1620,2,22.45,-1,23,F,22.988,2020-01-18
1621,4,169.0,-1,21,F,12.36,2020-03-12
1622,1,32.94,-1,28,M,0.061,2020-10-17
1623,1,8.08,-1,27,F,0.074,2019-09-18
1624,1,191.87,1,43,F,0.17,2020-09-25
1625,1,8.95,-1,30,M,0.106,2019-07-04
1626,1,2.49,-1,43,F,0.059,2020-09-29
1627,1,80.0,1,21,F,0.085,2020-02-08
1628,1,26.25,-1,24,F,0.077,2020-01-07
1629,1,45.0,-1,24,F,1.987,2020-09-29
1630,1,24.54,-1,55,F,0.504,2020-02-18
1631,1,241.5,0,32,F,0.085,2020-12-06
1632,1,25.04,-1,24,M,0.054,2019-09-16
1633,1,20.0,-1,26,F,0.143,2020-08-10
1634,3,1.4,-1,22,M,4.829,2020-12-10
1635,1,89.75,0,29,F,0.134,2019-09-14
1636,1,89.8,-1,26,M,0.164,2019-10-18
1637,1,55.0,-1,26,F,0.088,2019-08-11
1638,2,155.0,-1,19,F,0.106,2020-02-24
1639,1,23.5,-1,35,F,0.033,2019-05-27
1640,1,70.0,-1,27,M,3.97,2020-03-18
1641,1,30.0,-1,30,F,0.089,2019-10-31
1642,1,29.99,-1,53,M,0.179,2020-02-12
1643,1,12.9,-1,26,F,11.739,2020-02-27
1644,1,143.5,-1,33,F,0.413,2019-09-11
1645,1,2.25,-1,43,F,0.062,2020-02-11
1646,2,18.5,-1,25,F,0.169,2020-08-01
1647,1,80.0,0,18,F,0.033,2019-08-06
1648,1,46.8,-1,38,F,0.067,2019-12-28
1649,1,134.95,0,20,F,6.069,2019-09-11
1650,1,9.36,-1,45,F,14.424,2019-11-07
1651,1,120.0,0,29,F,4.497,2020-02-04
1652,2,23.0,-1,45,F,11.371,2019-09-30
1653,1,120.0,-1,18,F,0.188,2020-02-23
1654,1,20.38,-1,22,M,23.196,2020-01-14
1655,1,13.9,-1,21,M,0.207,2020-01-05
1656,3,83.3,-1,25,M,0.096,2019-08-23
1657,1,13.99,-1,23,F,21.389,2019-10-05
1658,1,82.49,0,18,F,0.052,2020-01-30
1659,1,18.06,-1,32,F,0.078,2020-01-01
1660,1,225.0,0,20,F,0.045,2019-08-02
1661,1,24.9,-1,24,F,0.604,2019-06-09
1662,1,83.55,-1,27,M,0.067,2020-02-23
1663,1,33.4,-1,24,F,0.041,2021-02-20
1664,1,65.0,-1,26,M,0.089,2020-02-24
1665,3,33.88,-1,28,F,0.038,2019-11-20
1666,1,99.0,1,21,F,0.389,2020-02-24
1667,1,36.3,-1,26,F,0.047,2019-10-19
1668,1,24.5,-1,31,F,0.04,2020-11-24
1669,1,68.9,-1,25,F,10.611,2019-11-20
1670,1,90.0,1,26,M,0.072,2020-05-14
1671,1,41.15,-1,24,F,0.048,2020-08-23
1672,1,45.0,-1,27,F,0.091,2020-03-15
1673,1,49.78,-1,30,F,0.138,2019-09-29
1674,1,54.0,-1,49,F,0.164,2020-03-30
1675,2,85.0,-1,22,F,0.072,2019-10-30
1676,1,84.12,-1,26,M,18.802,2020-02-11
1677,2,24.0,-1,22,M,5.609,2020-03-07
1678,2,44.5,-1,41,M,0.15,2021-01-12
1679,1,32.9,-1,23,F,0.057,2021-02-27
1680,3,18.04,-1,18,F,19.859,2020-02-02
1681,1,3.95,-1,22,F,0.78,2020-08-19
1682,1,15.0,-1,23,M,5.681,2020-01-23
1683,1,49.98,-1,32,F,12.016,2019-11-18
1684,1,32.11,-1,57,F,0.051,2021-01-09
1685,1,34.9,-1,23,F,3.022,2020-02-11
1686,1,14.5,-1,47,M,0.096,2020-11-18
1687,2,90.0,-1,24,M,0.243,2020-02-15
1688,1,10.0,-1,24,M,0.359,2019-10-07
1689,1,16.9,-1,30,F,0.084,2019-09-12
1690,1,43.4,-1,37,F,10.988,2020-02-28
1691,1,47.48,-1,49,F,0.109,2020-09-06
1692,1,13.8,-1,19,F,0.156,2020-03-01
1693,1,8.25,-1,34,M,0.105,2020-05-30
1694,1,72.5,-1,25,F,0.062,2019-11-25
1695,1,56.0,-1,21,F,0.402,2020-01-06
1696,2,16.4,-1,40,F,0.092,2020-01-25
1697,1,75.0,-1,26,F,0.201,2019-10-09
1698,2,7.9,-1,20,F,0.34,2019-11-28
1699,1,400.0,-1,20,M,0.051,2019-09-03
1700,1,177.0,-1,16,M,0.101,2020-01-16
1701,1,64.5,-1,25,F,0.102,2019-11-27
1702,2,33.5,-1,21,M,4.027,2019-10-28
1703,1,251.11,-1,23,F,14.249,2019-11-10
1704,1,37.5,-1,19,F,0.116,2020-02-08
1705,1,74.0,-1,18,M,1.833,2019-06-04
1706,1,40.24,-1,21,M,0.057,2019-09-28
1707,1,89.9,-1,22,F,3.242,2019-03-25
1708,1,54.17,-1,30,M,0.053,2020-03-12
1709,1,50.0,-1,19,M,0.052,2019-12-28
1710,1,57.5,-1,39,F,0.032,2020-11-23
1711,1,63.93,1,18,M,3.107,2019-06-01
1712,1,89.6,-1,42,F,0.061,2020-07-20
1713,1,19.92,-1,28,F,0.078,2020-02-03
1714,1,203.85,-1,27,M,9.943,2019-12-03
1715,2,32.2,-1,24,F,0.068,2020-10-25
1716,1,113.76,-1,18,F,0.039,2020-01-02
1717,1,17.5,-1,31,M,0.063,2019-12-11
1718,1,20.97,-1,20,F,0.071,2020-02-23
1719,1,61.8,-1,37,F,0.076,2020-02-10
1720,1,31.99,-1,55,F,7.658,2020-01-27
1721,1,162.0,0,30,F,0.081,2020-01-09
1722,1,28.0,-1,33,F,0.08,2020-10-28
1723,1,59.0,-1,46,M,0.108,2020-06-14
1724,1,87.8,-1,23,M,20.112,2020-08-18
1725,1,125.0,-1,22,F,0.085,2020-11-15
1726,1,41.97,-1,28,M,0.256,2020-02-08
1727,10,27.24,-1,25,F,1.939,2019-10-01
1728,1,10.4,-1,39,M,16.907,2021-03-01
1729,1,100.0,-1,20,F,0.054,2021-01-17
1730,1,60.0,-1,21,M,0.074,2019-09-27
1731,1,69.3,-1,44,F,20.858,2019-07-04
1732,1,3.5,-1,16,F,5.573,2019-08-30
1733,1,11.5,-1,22,F,0.04,2020-11-12
1734,2,38.0,-1,23,F,6.204,2020-07-14
1735,1,72.5,0,40,F,2.365,2020-02-03
1736,3,9.71,-1,19,F,0.08,2019-06-20
1737,2,818.95,1,24,F,0.161,2019-10-10
1738,1,64.85,-1,49,M,0.117,2021-09-05
1739,1,19.0,-1,26,F,2.645,2019-12-10
1740,2,23.75,-1,42,F,0.158,2020-01-24
1741,1,103.33,1,33,F,0.122,2020-03-02
1742,1,95.0,-1,28,M,0.108,2020-03-01
1743,1,225.0,-1,26,F,23.545,2020-01-11
1744,1,55.79,-1,33,M,0.201,2020-04-01
1745,1,15.1,-1,21,F,0.055,2019-08-21
1746,2,160.0,0,18,M,0.043,2019-09-21
1747,1,122.67,-1,21,F,0.064,2019-11-26
1748,1,23.25,-1,23,F,0.234,2020-03-20
1749,1,39.9,-1,34,F,0.078,2020-09-13
1750,1,20.33,-1,23,F,0.111,2021-05-27
1751,2,9.99,-1,34,F,0.128,2020-02-29
1752,1,35.0,-1,39,F,0.038,2019-06-03
1753,1,29.0,-1,31,M,0.074,2020-03-01
1754,1,6.3,-1,28,F,0.09,2019-09-24
1755,1,15.0,-1,24,F,0.054,2021-01-21
1756,1,124.8,-1,38,M,0.061,2019-12-08
1757,1,6.94,-1,23,F,0.05,2019-07-23
1758,2,119.83,1,29,F,0.065,2020-08-06
1759,2,83.96,-1,23,M,0.225,2019-11-10
1760,4,70.0,-1,30,M,0.149,2018-11-10
1761,1,100.0,0,23,M,0.283,2019-09-16
1762,1,6.6,-1,18,F,1.806,2019-09-07
1763,1,119.4,0,18,F,0.45,2020-09-23
1764,2,34.75,-1,21,F,0.087,2018-12-25
1765,1,40.0,-1,20,F,0.067,2019-06-17
1766,1,116.48,-1,30,F,0.391,2020-11-12
1767,1,39.9,-1,26,F,22.106,2019-11-28
1768,1,96.44,-1,28,F,0.059,2019-12-06
1769,1,35.0,-1,29,F,0.102,2019-10-09
1770,1,37.78,-1,21,M,0.082,2019-12-14
1771,1,60.0,-1,51,F,19.715,2019-12-27
1772,3,99.0,0,24,M,1.364,2019-09-18
1773,1,26.5,-1,23,F,0.098,2019-12-04
1774,2,67.15,-1,18,F,0.089,2019-08-30
1775,1,18.47,-1,33,M,18.917,2019-12-24
1776,3,10.0,-1,20,F,0.071,2019-09-11
1777,1,17.47,-1,19,M,0.062,2019-11-05
1778,1,20.4,-1,34,M,9.835,2019-07-28
1779,2,20.0,-1,23,F,0.461,2019-08-30
1780,1,48.96,-1,23,F,2.04,2021-01-16
1781,2,66.35,-1,23,M,0.04,2021-01-03
1782,1,21.8,-1,18,M,22.92,2020-02-19
1783,1,35.0,-1,32,F,20.556,2021-09-08
1784,1,162.0,-1,20,M,0.079,2019-10-09
1785,1,4.22,-1,42,F,0.049,2021-01-21
1786,2,295.25,1,27,F,0.073,2019-12-13
1787,3,23.3,-1,22,M,0.123,2019-11-18
1788,1,42.5,-1,20,F,0.053,2020-06-03
1789,1,48.0,-1,33,F,0.054,2020-09-24
1790,1,10.99,-1,34,F,0.049,2020-02-21
1791,1,155.0,0,40,F,0.066,2021-01-24
1792,1,13.1,-1,30,M,2.024,2020-02-22
1793,2,9.0,-1,20,F,20.164,2020-01-29
1794,1,17.34,-1,25,F,0.722,2020-02-16
1795,1,1.2,-1,31,F,1.988,2019-12-23
1796,4,48.0,-1,43,M,0.055,2019-01-30
1797,1,24.0,-1,23,M,5.718,2019-05-27
1798,1,202.0,-1,22,F,0.025,2021-03-21
1799,1,20.75,-1,18,F,15.143,2020-03-08
1800,1,13.85,-1,26,M,0.086,2020-02-11
1801,1,85.0,1,20,F,0.082,2019-11-13
1802,1,67.76,-1,25,F,0.043,2021-02-12
1803,1,42.46,-1,27,O,0.059,2021-06-02
1804,1,43.0,-1,26,F,0.512,2021-05-12
1805,1,11.08,-1,29,F,0.073,2021-06-28
1806,1,119.0,1,27,F,0.064,2020-04-16
1807,3,87.0,-1,48,M,0.132,2021-06-06
1808,1,69.08,-1,42,F,0.06,2020-02-08
1809,1,65.0,-1,22,F,0.056,2021-06-17
1810,1,65.0,-1,25,F,0.053,2020-01-30
1811,2,27.15,-1,22,F,0.271,2020-02-21
1812,1,30.0,-1,28,F,0.072,2020-01-13
1813,1,99.0,-1,22,F,14.625,2020-02-03
1814,1,17.9,-1,43,M,0.056,2021-09-05
1815,1,32.5,-1,17,F,16.987,2019-09-13
1816,1,29.9,-1,26,F,0.061,2019-09-08
1817,1,98.0,-1,20,M,0.079,2019-09-11
1818,1,30.9,-1,32,M,12.714,2021-09-05
1819,1,330.0,-1,36,F,11.726,2020-03-03
1820,1,99.0,0,23,M,0.319,2021-09-05
1821,1,11.96,-1,21,M,21.89,2019-10-31
1822,1,125.0,0,20,F,0.066,2019-11-05
1823,1,160.0,1,25,F,0.166,2020-01-09
1824,1,1986.33,-1,37,F,22.187,2019-10-25
1825,1,69.0,-1,25,M,0.037,2019-07-26
1826,1,39.0,-1,23,F,20.915,2019-06-21
1827,4,65.0,1,32,F,0.048,2020-01-08
1828,1,4.7,-1,18,F,6.164,2019-10-20
1829,1,37.9,-1,37,F,23.069,2019-12-05
1830,1,199.0,0,35,M,0.068,2020-08-30
1831,1,39.0,-1,20,F,2.955,2019-10-03
1832,1,145.0,0,41,F,0.067,2020-03-04
1833,1,18.21,-1,20,F,0.129,2019-06-10
1834,1,49.99,-1,20,F,0.082,2019-10-26
1835,1,55.15,-1,19,M,0.071,2019-10-29
1836,1,130.0,0,21,M,0.692,2020-03-03
1837,1,176.75,0,23,F,11.51,2019-11-08
1838,1,8.6,-1,19,M,0.18,2019-12-15
1839,2,795.0,0,24,F,11.943,2019-10-30
1840,1,9.0,-1,56,F,3.123,2020-05-06
1841,1,101.0,-1,21,F,0.078,2019-09-28
1842,1,12.5,-1,26,F,8.297,2019-12-29
1843,1,29.0,-1,45,F,9.921,2019-10-10
1844,2,31.7,-1,24,F,0.178,2019-10-29
1845,1,34.0,-1,19,F,0.077,2019-08-17
1846,1,24.4,-1,24,F,5.868,2020-02-16
1847,1,98.0,1,22,F,0.092,2019-12-03
1848,1,190.0,0,24,F,0.057,2019-11-27
1849,1,39.0,-1,26,F,0.255,2019-10-04
1850,1,108.0,0,23,F,19.503,2020-09-25
1851,1,199.95,1,27,F,0.066,2020-02-26
1852,1,7.0,-1,28,F,10.294,2020-02-03
1853,1,112.77,-1,24,F,0.128,2020-02-12
1854,1,26.69,-1,57,O,0.052,2021-01-29
1855,1,52.0,-1,33,M,0.054,2020-01-12
1856,1,45.5,-1,25,F,0.044,2018-12-03
1857,1,22.5,-1,21,M,0.102,2021-02-16
1858,1,5.0,-1,19,F,13.502,2019-11-02
1859,1,120.0,1,18,F,0.067,2019-09-07
1860,1,0.5,-1,19,M,16.462,2020-11-07
1861,1,141.75,1,19,F,8.196,2020-02-18
1862,1,48.8,-1,22,F,0.053,2020-01-05
1863,1,93.0,-1,47,F,0.098,2021-03-28
1864,1,39.99,-1,18,M,17.572,2019-10-03
1865,1,63.55,-1,29,F,12.186,2019-10-17
1866,1,614.0,0,38,F,0.049,2020-03-13
1867,1,19.9,-1,22,F,5.222,2020-01-17
1868,1,98.0,0,24,M,0.059,2019-08-01
1869,1,1151.0,0,29,F,7.084,2019-12-31
1870,1,119.9,0,29,F,0.087,2019-08-30
1871,1,10.5,-1,27,M,0.086,2020-01-15
1872,1,99.0,-1,33,F,0.16,2020-01-08
1873,1,9.0,-1,35,F,0.261,2019-09-30
1874,1,90.33,-1,28,M,0.063,2020-10-27
1875,1,43.17,-1,18,F,0.168,2019-12-29
1876,2,39.39,-1,20,F,0.147,2020-11-14
1877,1,75.0,-1,20,F,0.12,2019-05-21
1878,1,139.0,-1,28,F,0.041,2021-01-21
1879,1,45.55,-1,26,F,0.057,2019-10-09
1880,2,175.0,-1,23,F,0.119,2020-09-12
1881,1,96.75,-1,48,F,0.05,2019-10-16
1882,1,62.0,-1,20,F,10.543,2019-11-10
1883,1,36.5,-1,19,F,0.072,2020-10-15
1884,1,110.0,-1,28,F,19.577,2019-11-12
1885,1,81.0,-1,48,F,0.024,2020-11-07
1886,1,95.0,-1,44,F,0.256,2020-09-19
1887,1,15.68,-1,51,F,0.179,2020-02-04
1888,1,18.07,-1,18,M,0.28,2021-04-29
1889,1,115.72,0,22,F,18.164,2019-10-13
1890,2,56.94,-1,33,M,19.246,2021-02-28
1891,1,69.3,-1,40,M,0.147,2020-10-18
1892,1,15.9,-1,30,F,16.89,2019-12-17
1893,1,110.92,-1,28,F,0.171,2021-02-15
1894,1,38.0,-1,30,F,18.063,2020-01-15
1895,1,150.0,0,21,F,0.098,2019-11-18
1896,1,21.8,-1,37,F,0.06,2019-10-27
1897,1,5.9,-1,26,F,20.449,2020-06-08
1898,1,40.0,-1,19,F,6.977,2018-11-13
1899,1,10.0,-1,26,F,0.09,2019-10-14
1900,1,109.0,0,19,F,18.955,2021-01-28
1901,1,26.75,-1,22,M,0.076,2021-06-01
1902,1,70.0,-1,27,F,2.576,2019-09-19
1903,1,105.78,-1,42,F,0.08,2021-01-09
1904,1,495.0,-1,27,M,17.326,2019-10-19
1905,1,10.7,-1,22,F,0.351,2019-12-07
1906,2,53.07,-1,28,F,0.091,2020-01-07
1907,1,61.45,0,42,F,0.097,2020-01-09
1908,1,60.0,-1,19,F,0.105,2020-01-20
1909,1,39.0,-1,23,F,0.157,2019-11-04
1910,1,47.43,-1,22,M,0.1,2020-01-09
1911,1,28.0,-1,21,F,0.071,2020-02-28
1912,2,50.44,-1,25,F,0.039,2021-05-01
1913,1,40.0,-1,26,F,0.042,2019-12-01
1914,1,32.09,-1,22,M,0.202,2020-01-14
1915,1,157.0,-1,48,F,0.342,2021-03-16
1916,1,50.0,-1,33,F,0.149,2020-01-28
1917,1,12.8,-1,27,M,0.032,2021-01-26
1918,1,44.99,-1,36,M,0.076,2019-11-03
1919,2,21.74,-1,31,F,0.214,2019-09-29
1920,1,160.0,-1,23,M,18.734,2019-11-20
1921,1,535.0,-1,29,F,0.036,2021-02-04
1922,1,12.5,-1,19,F,6.272,2019-12-22
1923,1,12.0,-1,31,F,0.092,2021-03-03
1924,1,63.48,-1,25,F,0.045,2019-08-26
1925,1,129.0,0,38,F,0.088,2021-02-04
1926,1,35.99,-1,18,M,0.166,2019-08-21
1927,1,5.99,-1,19,M,0.047,2019-10-06
1928,1,44.9,-1,29,F,13.227,2020-02-20
1929,2,99.5,-1,34,M,0.066,2019-11-10
1930,1,31.0,-1,25,M,0.375,2019-11-03
1931,2,52.0,-1,23,F,0.066,2020-02-27
1932,1,140.0,-1,23,F,0.095,2020-02-06
1933,1,19.9,-1,19,M,0.073,2020-03-07
1934,1,125.0,-1,43,F,10.892,2019-06-08
1935,1,4.0,-1,17,F,0.169,2020-01-18
1936,1,19.9,-1,27,F,0.078,2020-02-08
1937,1,41.7,-1,21,F,0.111,2019-10-27
1938,1,16.0,-1,45,F,2.378,2019-12-01
1939,1,45.0,-1,29,M,0.088,2019-09-20
1940,1,108.0,-1,22,M,0.055,2021-06-14
1941,1,154.0,-1,24,M,4.683,2019-08-26
1942,1,495.0,0,23,M,0.058,2019-10-20
1943,1,29.0,-1,28,F,0.065,2019-12-13
1944,1,46.0,-1,32,M,1.304,2019-11-08
1945,1,10.0,-1,25,M,0.186,2018-07-20
1946,3,19.99,-1,32,M,0.061,2019-11-08
1947,1,15.96,-1,27,F,0.168,2020-02-13
1948,1,12.0,-1,32,F,0.118,2020-03-13
1949,1,75.0,-1,24,M,0.106,2019-10-08
1950,1,14.2,-1,19,F,3.382,2019-09-10
1951,1,39.0,-1,26,F,8.689,2019-09-12
1952,1,89.9,0,24,F,16.531,2020-03-06
1953,1,11.33,-1,22,F,9.402,2018-11-17
1954,1,51.0,-1,24,F,0.041,2020-01-14
1955,3,147.2,-1,22,F,0.036,2019-09-17
1956,1,34.9,-1,20,M,0.126,2020-10-02
1957,1,22.62,-1,29,F,10.09,2020-01-05
1958,1,86.25,-1,20,M,4.854,2020-11-08
1959,1,100.0,-1,29,F,0.042,2020-03-05
1960,1,80.58,-1,49,F,0.091,2020-09-05
1961,2,65.0,-1,20,F,4.204,2018-09-11
1962,1,77.5,-1,27,F,0.118,2020-11-30
1963,1,22.45,-1,24,F,0.205,2020-01-12
1964,1,72.5,-1,31,F,18.342,2020-03-23
1965,1,240.2,-1,30,F,0.037,2020-02-09
1966,1,35.0,-1,28,F,0.053,2020-09-22
1967,1,32.5,-1,29,M,0.054,2020-12-25
1968,1,88.95,1,23,F,0.113,2020-12-27
1969,1,91.18,0,33,M,0.047,2019-10-11
1970,1,8.0,-1,33,M,0.03,2021-01-23
1971,2,65.4,-1,22,F,0.532,2020-01-19
1972,1,82.5,-1,22,F,0.056,2021-10-03
1973,1,5.67,-1,40,M,10.819,2020-10-31
1974,1,16.0,-1,20,O,0.039,2021-05-07
1975,1,110.0,-1,24,F,0.044,2020-09-28
1976,1,40.0,-1,29,F,1.268,2020-10-06
1977,1,10.5,-1,27,M,0.097,2019-10-25
1978,1,23.9,-1,22,F,0.056,2019-06-07
1979,1,36.0,-1,23,F,3.409,2019-10-07
1980,1,74.4,0,18,F,0.064,2020-12-15
1981,1,30.0,-1,40,M,0.559,2021-09-05
1982,1,90.0,1,21,M,0.064,2019-10-25
1983,3,15.51,-1,38,M,0.049,2019-10-29
1984,1,29.0,-1,46,M,0.072,2021-03-21
1985,1,199.0,-1,27,F,0.062,2020-01-23
1986,1,20.0,-1,38,M,0.954,2021-09-05
1987,1,17.44,-1,26,F,0.936,2020-12-30
1988,1,8.4,-1,18,F,4.569,2019-12-29
1989,1,61.0,-1,20,F,8.188,2019-10-30
1990,1,226.0,0,23,F,0.162,2019-11-06
1991,1,7.9,-1,30,M,6.515,2019-06-15
1992,1,24.0,-1,24,F,20.062,2021-01-06
1993,1,25.04,-1,24,M,9.202,2020-10-15
1994,1,10.0,-1,24,M,0.12,2019-07-30
1995,1,23.0,-1,21,F,0.061,2019-09-28
1996,1,10.75,-1,26,F,0.082,2019-09-05
1997,1,30.5,-1,22,M,0.089,2019-09-18
1998,1,99.0,-1,36,F,0.268,2019-12-06
1999,1,89.9,1,20,F,0.09,2020-02-03
2000,1,26.0,-1,20,F,0.067,2020-02-23
2001,1,190.0,-1,31,F,0.11,2019-06-18
2002,1,224.41,0,28,F,0.061,2020-01-11
2003,1,22.5,-1,31,F,0.049,2019-12-25
2004,1,184.0,0,35,F,0.204,2019-03-15
2005,1,17.8,-1,22,F,0.024,2021-08-23
2006,1,19.9,-1,22,F,0.139,2019-10-01
2007,1,5.94,-1,28,F,10.698,2019-10-22
2008,1,6.9,-1,24,F,0.053,2019-09-24
2009,1,148.15,-1,17,F,0.082,2021-09-28
2010,2,6.37,-1,23,M,0.056,2020-01-27
2011,2,57.5,-1,23,F,0.152,2019-10-07
2012,1,160.0,0,24,F,0.102,2019-11-11
2013,1,29.9,-1,26,M,6.614,2020-02-02
2014,1,30.0,-1,39,F,0.114,2020-11-19
2015,1,5.99,-1,27,F,0.066,2019-12-06
2016,2,111.51,-1,19,F,22.1,2019-05-26
2017,1,29.32,-1,36,M,0.074,2019-10-28
2018,1,3.0,-1,24,M,18.46,2021-03-24
2019,1,39.0,-1,27,M,0.077,2020-01-01
2020,2,33.0,-1,32,M,0.052,2020-11-08
2021,1,85.0,-1,23,M,0.06,2020-02-23
2022,1,29.9,-1,18,F,10.919,2019-10-25
2023,1,23.5,-1,21,F,0.087,2020-03-13
2024,1,76.0,-1,21,F,0.056,2019-11-25
2025,1,35.2,-1,37,F,0.414,2020-01-01
2026,1,199.0,-1,25,F,0.046,2020-01-04
2027,1,77.0,-1,27,F,0.095,2020-03-09
2028,1,14.0,-1,29,F,18.773,2019-12-22
2029,1,297.5,-1,29,F,21.715,2020-01-16
2030,1,150.0,-1,18,M,0.089,2020-02-26
2031,2,96.0,-1,23,F,0.096,2020-01-19
2032,1,53.0,-1,32,F,0.055,2021-02-09
2033,1,10.0,-1,18,F,4.179,2019-10-20
2034,1,29.0,-1,29,F,0.069,2020-01-06
2035,1,33.0,-1,32,F,0.069,2020-01-03
2036,1,37.1,-1,37,M,0.06,2019-12-30
2037,1,94.0,-1,28,M,1.323,2020-01-07
2038,1,10.3,-1,33,F,0.436,2020-01-19
2039,1,39.99,-1,45,M,0.13,2019-10-18
2040,1,95.5,-1,25,F,1.742,2019-11-15
2041,1,9.9,-1,25,F,0.163,2020-01-07
2042,1,30.0,-1,28,M,16.048,2020-02-13
2043,1,19.75,-1,21,M,8.195,2019-10-17
2044,1,10.0,-1,30,F,16.165,2021-02-13
2045,2,48.04,-1,23,M,1.183,2020-02-11
2046,1,50.0,-1,21,F,0.069,2020-03-14
2047,1,190.0,0,21,F,0.263,2020-02-12
2048,1,18.08,-1,25,F,0.094,2020-01-25
2049,1,124.0,-1,26,F,10.788,2019-11-24
2050,2,78.92,-1,22,F,0.105,2019-11-03
2051,1,202.21,-1,31,M,0.289,2020-02-02
2052,1,71.0,-1,45,M,0.058,2020-12-19
2053,1,30.0,-1,18,F,10.048,2019-10-30
2054,2,102.0,-1,29,M,0.091,2020-07-10
2055,1,37.72,-1,22,M,20.669,2020-08-11
2056,1,60.0,-1,19,M,0.196,2020-03-17
2057,1,70.0,-1,31,F,19.121,2020-01-06
2058,1,146.0,-1,23,F,0.12,2020-03-14
2059,1,135.0,1,21,M,15.757,2020-03-05
2060,2,21.58,-1,34,F,0.602,2019-11-21
2061,1,49.0,-1,22,F,22.981,2019-11-13
2062,1,99.99,1,20,M,0.051,2020-08-18
2063,1,40.0,-1,19,F,0.068,2019-11-21
2064,1,25.0,-1,34,F,0.122,2019-11-20
2065,1,208.0,-1,30,F,0.088,2019-10-13
2066,1,112.49,0,42,O,0.068,2021-09-05
2067,1,39.95,-1,19,M,0.045,2020-02-18
2068,1,16.1,-1,20,F,0.088,2021-09-02
2069,1,29.9,-1,26,F,0.063,2020-03-02
2070,1,39.8,-1,32,F,0.071,2021-09-05
2071,1,65.0,-1,17,F,14.389,2021-06-29
2072,1,7.6,-1,19,F,0.534,2018-10-02
2073,1,45.0,-1,31,F,0.058,2020-03-04
2074,2,29.3,-1,25,F,0.061,2020-11-30
2075,1,34.9,-1,34,F,21.778,2020-05-15
2076,1,350.0,0,20,F,21.779,2019-10-14
2077,1,50.0,-1,22,F,1.983,2018-11-20
2078,1,119.9,0,18,F,0.074,2020-06-06
2079,1,29.0,-1,22,M,0.107,2020-05-17
2080,2,183.0,0,35,F,0.072,2020-02-10
2081,1,29.0,-1,41,F,8.606,2019-12-06
2082,1,40.0,-1,20,F,0.355,2020-01-13
2083,1,43.8,-1,18,M,0.279,2020-08-29
2084,1,120.0,-1,30,F,0.056,2020-07-23
2085,1,115.85,-1,49,F,1.243,2021-08-26
2086,1,28.14,-1,18,F,0.054,2019-08-01
2087,4,135.0,0,36,M,0.162,2021-09-06
2088,1,9.9,-1,36,F,1.74,2020-02-10
2089,1,93.0,-1,25,M,0.073,2020-03-05
2090,1,139.9,0,19,F,0.17,2019-08-26
2091,1,6.4,-1,41,F,0.033,2020-11-19
2092,1,70.12,-1,24,F,23.711,2019-10-30
2093,1,69.0,-1,22,F,0.143,2020-03-12
2094,1,32.5,-1,17,F,0.06,2020-03-01
2095,1,24.9,-1,20,F,0.098,2019-12-25
2096,1,154.8,-1,48,F,0.039,2020-12-19
2097,1,39.9,-1,24,F,0.05,2018-11-06
2098,1,50.0,-1,22,F,1.501,2019-06-05
2099,1,14.5,-1,32,F,0.032,2020-11-23
2100,1,6.0,-1,16,F,0.058,2020-06-28
2101,2,156.82,-1,33,F,0.25,2020-01-04
2102,1,31.79,-1,28,F,0.043,2020-02-24
2103,1,53.0,-1,25,F,0.097,2020-11-25
2104,1,40.0,-1,20,F,2.028,2019-08-23
2105,1,0.6,-1,23,F,0.099,2021-04-03
2106,2,4.3,-1,19,F,18.5,2019-11-10
2107,1,19.0,-1,26,F,0.084,2019-07-04
2108,1,11.15,-1,45,F,0.094,2019-11-18
2109,1,165.0,-1,57,F,20.927,2021-03-03
2110,1,9.3,-1,21,M,0.057,2019-11-12
2111,1,70.0,-1,19,O,0.138,2021-08-07
2112,1,153.89,-1,43,F,0.056,2019-11-22
2113,1,92.5,0,25,M,11.189,2020-03-17
2114,1,10.2,-1,44,F,1.421,2020-02-10
2115,1,10.99,-1,18,M,0.058,2020-08-16
2116,1,29.9,-1,28,F,1.189,2020-12-21
2117,1,13.23,-1,26,F,0.084,2020-03-08
2118,1,56.8,-1,30,F,0.393,2021-09-05
2119,1,139.85,0,24,M,0.103,2020-02-28
2120,1,29.97,-1,24,O,0.109,2021-08-21
2121,1,120.0,-1,24,M,0.049,2020-02-21
2122,2,1450.0,0,29,F,19.411,2020-01-19
2123,1,30.0,-1,20,F,0.45,2021-01-10
2124,1,448.84,0,29,F,0.119,2019-06-25
2125,1,74.9,-1,19,F,5.392,2020-02-14
2126,1,103.0,0,28,M,0.07,2021-01-22
2127,4,29.67,-1,27,M,0.064,2019-12-31
2128,1,33.7,-1,48,F,0.092,2021-01-25
2129,1,39.89,-1,23,F,0.07,2020-02-27
2130,1,135.0,0,28,M,2.802,2019-09-03
2131,1,42.89,-1,18,M,0.051,2019-09-04
2132,1,67.5,-1,26,M,0.159,2019-11-16
2133,2,115.87,-1,20,F,0.037,2020-01-26
2134,1,30.0,-1,18,F,15.766,2019-09-25
2135,1,71.4,-1,30,F,0.524,2020-02-01
2136,1,116.0,0,22,F,0.059,2020-08-29
2137,1,12.9,-1,22,F,22.167,2020-12-05
2138,1,139.0,-1,19,F,11.657,2021-09-12
2139,1,6.99,-1,35,F,0.032,2020-07-08
2140,1,19.57,-1,49,F,0.074,2019-09-02
2141,3,36.81,-1,24,F,0.096,2019-12-04
2142,1,5.66,-1,19,F,0.077,2020-01-31
2143,1,29.99,-1,18,F,0.097,2020-07-07
2144,1,325.0,-1,27,F,19.024,2019-11-06
2145,1,82.0,-1,67,M,0.059,2020-07-22
2146,1,100.0,-1,33,F,0.102,2019-12-14
2147,1,2.1,-1,30,F,14.277,2019-09-19
2148,1,211.29,-1,35,M,0.057,2019-07-08
2149,1,7.8,-1,23,M,0.075,2020-07-18
2150,1,63.74,-1,21,F,0.242,2019-10-27
2151,1,44.4,-1,31,M,0.131,2019-10-03
2152,1,34.95,-1,29,F,0.062,2019-11-07
2153,1,195.0,-1,48,F,0.159,2020-01-10
2154,1,51.3,-1,20,F,0.232,2019-11-24
2155,1,39.9,-1,33,F,14.556,2019-10-10
2156,1,67.0,-1,24,M,12.234,2019-12-23
2157,1,27.0,-1,21,F,0.079,2020-10-20
2158,1,36.0,-1,43,F,0.115,2021-04-25
2159,2,88.68,0,18,F,17.787,2020-01-07
2160,1,48.85,-1,18,M,0.106,2020-11-29
2161,1,89.0,0,19,F,0.088,2019-11-01
2162,1,7.6,-1,24,F,0.132,2019-09-21
2163,1,34.99,-1,22,F,9.975,2019-09-11
2164,1,6.8,-1,26,F,7.712,2019-11-29
2165,2,62.89,-1,29,F,18.019,2019-09-18
2166,1,69.0,-1,32,F,0.096,2021-01-21
2167,1,49.99,-1,22,F,0.072,2021-04-20
2168,1,9.0,-1,34,M,0.201,2020-02-11
2169,2,66.5,-1,43,M,21.469,2019-05-30
2170,1,25.0,-1,38,M,0.102,2019-05-01
2171,1,197.9,-1,21,F,0.238,2019-11-07
2172,1,16.19,-1,19,M,0.054,2019-01-01
2173,1,59.5,0,29,F,0.073,2020-12-27
2174,4,75.0,-1,24,M,0.148,2020-10-13
2175,1,11.9,-1,27,F,0.051,2019-06-25
2176,2,9.85,-1,19,F,0.065,2019-09-02
2177,1,145.0,0,33,M,5.456,2020-03-11
2178,1,28.75,-1,33,F,0.225,2019-10-09
2179,1,115.0,1,22,F,0.054,2019-10-01
2180,1,48.0,-1,26,F,3.844,2020-01-03
2181,1,130.0,1,20,F,12.841,2021-03-29
2182,1,51.0,-1,18,F,0.141,2020-09-08
2183,1,2.92,-1,26,F,0.295,2020-01-26
2184,2,41.28,-1,18,M,0.064,2019-09-02
2185,1,100.0,0,35,F,0.07,2019-11-04
2186,1,53.0,-1,18,F,0.101,2019-09-05
2187,1,25.0,-1,23,F,0.097,2020-06-09
2188,1,9.0,-1,28,M,0.095,2020-01-12
2189,1,69.9,-1,42,F,0.617,2020-03-11
2190,1,19.9,-1,37,F,0.058,2020-02-22
2191,2,39.0,-1,23,F,0.116,2019-11-11
2192,1,8.4,-1,31,F,0.081,2019-10-09
2193,1,3.55,-1,28,O,0.044,2021-04-29
2194,1,46.79,-1,32,F,0.076,2020-01-27
2195,1,39.0,-1,43,F,0.058,2020-06-17
2196,1,44.0,-1,19,F,0.045,2019-09-02
2197,1,35.98,-1,50,F,16.481,2020-08-07
2198,1,3.3,-1,23,M,18.817,2019-07-15
2199,1,92.0,-1,18,M,2.546,2019-08-11
2200,1,77.5,-1,29,F,3.629,2019-08-18
2201,1,65.0,-1,18,F,0.082,2019-10-30
2202,1,12.0,-1,21,F,0.077,2020-01-12
2203,1,44.9,-1,27,M,0.075,2021-05-17
2204,1,41.5,-1,17,F,0.096,2021-09-06
2205,1,13.34,-1,39,M,0.268,2020-10-27
2206,4,28.2,-1,25,M,11.268,2019-07-24
2207,1,119.0,-1,19,F,1.314,2020-06-20
2208,1,121.92,0,32,F,0.062,2020-02-18
2209,2,44.5,-1,23,M,0.126,2020-03-06
2210,1,71.0,0,22,F,0.049,2019-09-08
2211,1,234.9,0,21,M,23.69,2019-12-16
2212,1,69.0,-1,26,F,0.038,2020-12-07
2213,3,41.0,-1,36,M,0.175,2020-03-17
2214,1,23.0,-1,24,F,0.079,2020-02-19
2215,1,170.0,1,20,F,1.586,2020-02-19
2216,1,95.0,-1,32,M,21.739,2019-12-26
2217,1,133.99,-1,22,M,17.018,2020-02-21
2218,1,77.0,-1,30,F,0.103,2019-12-12
2219,2,20.9,-1,25,F,0.074,2019-10-06
2220,1,25.0,-1,22,F,5.504,2020-01-29
2221,1,114.0,0,36,F,0.154,2019-12-11
2222,1,19.0,-1,27,M,0.279,2020-12-25
2223,1,198.0,-1,24,F,0.121,2018-10-19
2224,1,75.0,-1,28,F,0.028,2021-01-12
2225,1,25.99,-1,19,F,0.219,2021-11-05
2226,1,19.9,-1,21,F,0.168,2019-09-23
2227,1,2221.0,0,30,M,0.09,2020-02-25
2228,1,66.5,-1,33,F,0.09,2020-02-14
2229,1,19.5,-1,22,F,0.058,2020-01-06
2230,1,39.0,-1,20,F,0.058,2020-07-08
2231,1,58.72,-1,35,F,7.122,2019-04-14
2232,2,36.9,-1,22,M,0.147,2020-02-18
2233,1,60.0,-1,41,M,0.112,2020-03-09
2234,1,92.0,0,23,F,0.166,2020-12-13
2235,1,160.0,-1,22,F,0.049,2019-10-04
2236,1,1395.0,1,23,M,0.073,2020-02-02
2237,1,1590.0,-1,23,F,5.017,2020-02-16
2238,1,5.0,-1,27,F,0.189,2018-11-06
2239,1,49.99,-1,26,O,0.041,2021-05-21
2240,2,7.95,-1,31,M,0.082,2019-12-27
2241,1,18.88,-1,47,M,0.057,2021-01-09
2242,1,159.0,-1,21,F,0.059,2019-06-07
2243,1,7.8,-1,24,F,0.078,2019-09-16
2244,1,60.5,0,25,F,0.04,2020-10-14
2245,1,44.45,-1,29,F,12.532,2020-01-08
2246,1,58.41,-1,25,F,0.03,2021-01-31
2247,1,160.0,0,27,M,13.935,2020-03-05
2248,1,251.5,1,27,F,0.048,2021-01-29
2249,1,19.45,-1,26,M,0.041,2021-06-27
2250,1,60.0,-1,47,F,0.061,2020-10-07
2251,1,26.7,-1,22,F,0.052,2020-03-05
2252,2,165.45,-1,18,F,7.37,2020-02-29
2253,1,51.89,-1,18,F,0.05,2020-09-08
2254,1,19.0,-1,38,M,9.902,2021-09-05
2255,1,17.5,-1,66,F,0.072,2020-05-23
2256,1,90.0,0,25,F,0.088,2021-06-26
2257,1,103.0,-1,27,F,16.968,2019-05-28
2258,1,65.0,-1,23,F,23.077,2019-09-02
2259,1,375.0,-1,23,F,0.094,2020-10-09
2260,1,29.4,-1,21,F,15.161,2020-02-24
2261,1,44.9,-1,59,F,0.082,2021-02-13
2262,1,13.98,-1,21,F,0.327,2021-07-26
2263,1,35.17,-1,24,M,0.081,2019-12-14
2264,1,39.99,-1,21,F,0.046,2019-06-05
2265,1,19.9,-1,24,F,0.038,2021-06-18
2266,2,26.5,-1,23,F,0.073,2021-02-23
2267,1,22.5,-1,38,F,0.099,2020-06-26
2268,1,45.0,-1,43,M,0.081,2020-02-02
2269,1,1.98,-1,46,F,0.054,2021-06-28
2270,1,120.0,-1,18,M,0.079,2019-08-27
2271,1,51.8,-1,30,F,1.031,2019-12-11
2272,1,25.0,-1,36,M,9.989,2020-10-03
2273,2,17.15,-1,19,F,5.886,2019-09-27
2274,3,64.82,-1,25,M,0.102,2020-01-24
2275,1,153.5,0,18,M,2.482,2019-10-29
2276,1,15.0,-1,18,M,0.087,2019-11-29
2277,1,120.0,-1,26,M,0.068,2019-11-24
2278,1,10.0,-1,18,F,0.04,2019-05-27
2279,1,47.0,-1,38,F,2.799,2020-08-13
2280,1,55.0,-1,26,F,0.068,2020-12-05
2281,1,8.5,-1,33,O,0.09,2021-09-05
2282,1,54.0,-1,28,M,0.088,2020-02-08
2283,1,20.0,-1,28,F,0.042,2019-07-02
2284,1,11.5,-1,29,M,0.076,2020-12-05
2285,1,1.38,-1,20,F,17.788,2019-05-18
2286,1,123.06,-1,27,F,17.604,2019-09-14
2287,1,18.0,-1,28,F,0.05,2020-01-04
2288,1,5.5,-1,31,F,11.072,2021-03-12
2289,3,37.49,-1,24,M,0.125,2019-11-29
2290,1,77.48,-1,36,F,18.197,2019-10-19
2291,1,5.8,-1,52,M,0.03,2019-11-28
2292,1,40.0,-1,20,F,0.074,2019-12-14
2293,1,24.99,-1,24,F,10.258,2021-03-28
2294,1,86.9,-1,24,F,0.048,2019-05-24
2295,1,150.0,-1,18,M,0.078,2019-08-20
2296,1,21.99,-1,22,M,10.634,2019-12-17
2297,1,89.5,-1,34,M,0.047,2020-10-13
2298,1,59.5,-1,29,F,0.086,2021-03-02
2299,1,29.9,-1,28,F,0.066,2020-02-19
2300,1,75.0,-1,24,M,0.043,2019-11-24
2301,1,103.0,-1,33,F,0.06,2019-12-21
2302,1,18.0,-1,28,F,14.626,2019-10-01
2303,1,54.98,-1,28,F,0.064,2019-10-30
2304,1,63.0,-1,20,M,0.202,2020-03-01
2305,1,94.0,-1,24,M,0.059,2019-10-18
2306,1,187.0,-1,23,F,0.04,2019-08-26
2307,1,9.0,-1,32,F,0.059,2019-10-10
2308,1,276.0,-1,21,F,0.094,2019-10-28
2309,1,182.5,1,23,F,0.143,2019-08-31
2310,1,29.9,-1,28,F,0.114,2020-02-04
2311,1,51.15,-1,26,F,0.452,2020-11-27
2312,1,47.5,-1,26,F,0.096,2018-11-10
2313,1,75.0,-1,18,F,0.141,2020-01-18
2314,2,64.65,-1,54,M,0.071,2019-09-23
2315,1,61.0,-1,18,M,0.055,2020-08-12
2316,3,29.99,-1,24,F,16.864,2018-11-09
2317,1,35.0,-1,18,F,0.422,2019-08-25
2318,1,97.3,0,34,F,0.098,2020-01-08
2319,1,295.0,-1,22,F,15.398,2019-07-23
2320,1,43.8,-1,19,F,0.136,2019-12-27
2321,1,25.5,-1,19,M,0.089,2019-09-01
2322,1,10.9,-1,21,F,8.171,2019-11-10
2323,1,29.9,-1,21,M,0.076,2019-02-04
2324,1,72.0,-1,24,M,15.127,2019-12-16
2325,1,6.39,-1,26,F,0.087,2019-11-25
2326,2,30.0,-1,18,F,21.526,2019-08-22
2327,1,337.5,-1,23,M,0.931,2020-03-18
2328,1,90.0,-1,33,F,0.081,2020-01-14
2329,1,195.0,-1,31,F,0.053,2019-08-31
2330,1,100.0,0,20,M,0.082,2019-09-29
2331,1,10.0,-1,25,F,16.347,2020-02-19
2332,1,119.0,-1,42,F,0.191,2020-12-28
2333,1,50.0,-1,51,F,21.38,2021-01-28
2334,1,86.75,-1,19,F,0.071,2020-08-22
2335,1,4.25,-1,32,F,0.06,2020-12-11
